REGION,SETTLEMENTDATE,TOTALDEMAND,RRP,PERIODTYPE
NSW1,2021/08/01 00:30:00,7488.85,70.92,TRADE
NSW1,2021/08/01 01:00:00,7270.3,56.55,TRADE
NSW1,2021/08/01 01:30:00,7045.65,55.57,TRADE
NSW1,2021/08/01 02:00:00,6813.62,48.83,TRADE
NSW1,2021/08/01 02:30:00,6557.8,37,TRADE
NSW1,2021/08/01 03:00:00,6344.56,37.11,TRADE
NSW1,2021/08/01 03:30:00,6205.17,33.26,TRADE
NSW1,2021/08/01 04:00:00,6088.15,13.88,TRADE
NSW1,2021/08/01 04:30:00,6070.19,16.88,TRADE
NSW1,2021/08/01 05:00:00,6094.45,35.77,TRADE
NSW1,2021/08/01 05:30:00,6143.51,35.28,TRADE
NSW1,2021/08/01 06:00:00,6271.24,39.26,TRADE
NSW1,2021/08/01 06:30:00,6536.86,45.38,TRADE
NSW1,2021/08/01 07:00:00,6653.71,64.49,TRADE
NSW1,2021/08/01 07:30:00,6874.42,60.43,TRADE
NSW1,2021/08/01 08:00:00,6927.16,41.99,TRADE
NSW1,2021/08/01 08:30:00,7069.96,33.31,TRADE
NSW1,2021/08/01 09:00:00,7044.16,43.38,TRADE
NSW1,2021/08/01 09:30:00,6900.22,44.35,TRADE
NSW1,2021/08/01 10:00:00,6703.24,26.62,TRADE
NSW1,2021/08/01 10:30:00,6758.65,35.43,TRADE
NSW1,2021/08/01 11:00:00,6618.78,9.50,TRADE
NSW1,2021/08/01 11:30:00,6486.75,5.23,TRADE
NSW1,2021/08/01 12:00:00,6307.6,-15.98,TRADE
NSW1,2021/08/01 12:30:00,6361.2,-27.37,TRADE
NSW1,2021/08/01 13:00:00,6583.88,-0.34,TRADE
NSW1,2021/08/01 13:30:00,6796.77,1.75,TRADE
NSW1,2021/08/01 14:00:00,6824.58,7.13,TRADE
NSW1,2021/08/01 14:30:00,6964,6.81,TRADE
NSW1,2021/08/01 15:00:00,6937.49,24.16,TRADE
NSW1,2021/08/01 15:30:00,7142.21,49.84,TRADE
NSW1,2021/08/01 16:00:00,7596.5,34.09,TRADE
NSW1,2021/08/01 16:30:00,7938.48,58.67,TRADE
NSW1,2021/08/01 17:00:00,8411.34,64.42,TRADE
NSW1,2021/08/01 17:30:00,8933.81,112.56,TRADE
NSW1,2021/08/01 18:00:00,9378.17,263.64,TRADE
NSW1,2021/08/01 18:30:00,9445.17,220.95,TRADE
NSW1,2021/08/01 19:00:00,9419.06,202.03,TRADE
NSW1,2021/08/01 19:30:00,9195.36,132.93,TRADE
NSW1,2021/08/01 20:00:00,8987.47,105.47,TRADE
NSW1,2021/08/01 20:30:00,8830.94,78.39,TRADE
NSW1,2021/08/01 21:00:00,8640.93,74.99,TRADE
NSW1,2021/08/01 21:30:00,8472.08,85.65,TRADE
NSW1,2021/08/01 22:00:00,8279.25,93.37,TRADE
NSW1,2021/08/01 22:30:00,8191.16,106.23,TRADE
NSW1,2021/08/01 23:00:00,7967.5,92.99,TRADE
NSW1,2021/08/01 23:30:00,7840.75,94.09,TRADE
NSW1,2021/08/02 00:00:00,7715.86,80.08,TRADE
NSW1,2021/08/02 00:30:00,7534.82,67.31,TRADE
NSW1,2021/08/02 01:00:00,7353.1,59.16,TRADE
NSW1,2021/08/02 01:30:00,7134.55,45.72,TRADE
NSW1,2021/08/02 02:00:00,6949.1,43.01,TRADE
NSW1,2021/08/02 02:30:00,6749.21,48.07,TRADE
NSW1,2021/08/02 03:00:00,6606.53,42.34,TRADE
NSW1,2021/08/02 03:30:00,6515.37,43.56,TRADE
NSW1,2021/08/02 04:00:00,6493.56,42.26,TRADE
NSW1,2021/08/02 04:30:00,6527.61,43.62,TRADE
NSW1,2021/08/02 05:00:00,6648.84,50.98,TRADE
NSW1,2021/08/02 05:30:00,6969.72,34.17,TRADE
NSW1,2021/08/02 06:00:00,7289.39,29.05,TRADE
NSW1,2021/08/02 06:30:00,8045.95,58.43,TRADE
NSW1,2021/08/02 07:00:00,8675.71,63.07,TRADE
NSW1,2021/08/02 07:30:00,9116.85,69.84,TRADE
NSW1,2021/08/02 08:00:00,9345.52,55.56,TRADE
NSW1,2021/08/02 08:30:00,9320.9,58.35,TRADE
NSW1,2021/08/02 09:00:00,9001.32,44.60,TRADE
NSW1,2021/08/02 09:30:00,8614.92,62.88,TRADE
NSW1,2021/08/02 10:00:00,8203.19,48.87,TRADE
NSW1,2021/08/02 10:30:00,7861.37,47.12,TRADE
NSW1,2021/08/02 11:00:00,7479.58,20.78,TRADE
NSW1,2021/08/02 11:30:00,7279.02,18.12,TRADE
NSW1,2021/08/02 12:00:00,7168.86,24.20,TRADE
NSW1,2021/08/02 12:30:00,7208.56,25.12,TRADE
NSW1,2021/08/02 13:00:00,7240.63,29.70,TRADE
NSW1,2021/08/02 13:30:00,7231.85,36.31,TRADE
NSW1,2021/08/02 14:00:00,7213.88,50.12,TRADE
NSW1,2021/08/02 14:30:00,7220.92,37.58,TRADE
NSW1,2021/08/02 15:00:00,7358.81,47.86,TRADE
NSW1,2021/08/02 15:30:00,7514.33,49.59,TRADE
NSW1,2021/08/02 16:00:00,7842.13,52.45,TRADE
NSW1,2021/08/02 16:30:00,8306.57,67.84,TRADE
NSW1,2021/08/02 17:00:00,8857.52,62.69,TRADE
NSW1,2021/08/02 17:30:00,9564.58,116.19,TRADE
NSW1,2021/08/02 18:00:00,10279.27,132.79,TRADE
NSW1,2021/08/02 18:30:00,10387.81,112.63,TRADE
NSW1,2021/08/02 19:00:00,10255.82,81.89,TRADE
NSW1,2021/08/02 19:30:00,9911.1,67.48,TRADE
NSW1,2021/08/02 20:00:00,9697.22,75.02,TRADE
NSW1,2021/08/02 20:30:00,9477.01,71.14,TRADE
NSW1,2021/08/02 21:00:00,9239.33,64.53,TRADE
NSW1,2021/08/02 21:30:00,8981.26,61.82,TRADE
NSW1,2021/08/02 22:00:00,8709.53,49.21,TRADE
NSW1,2021/08/02 22:30:00,8636.54,53.51,TRADE
NSW1,2021/08/02 23:00:00,8448.64,54.65,TRADE
NSW1,2021/08/02 23:30:00,8305.19,60.83,TRADE
NSW1,2021/08/03 00:00:00,8173.94,60.97,TRADE
NSW1,2021/08/03 00:30:00,7994.88,45.09,TRADE
NSW1,2021/08/03 01:00:00,7825.53,53.36,TRADE
NSW1,2021/08/03 01:30:00,7654.79,46.12,TRADE
NSW1,2021/08/03 02:00:00,7426.32,37.80,TRADE
NSW1,2021/08/03 02:30:00,7122.47,35.36,TRADE
NSW1,2021/08/03 03:00:00,6898.58,38.54,TRADE
NSW1,2021/08/03 03:30:00,6682.08,32.76,TRADE
NSW1,2021/08/03 04:00:00,6564.8,21.18,TRADE
NSW1,2021/08/03 04:30:00,6508.24,17.07,TRADE
NSW1,2021/08/03 05:00:00,6589.21,8.73,TRADE
NSW1,2021/08/03 05:30:00,6932.45,9.08,TRADE
NSW1,2021/08/03 06:00:00,7275.14,23.87,TRADE
NSW1,2021/08/03 06:30:00,7784.19,35.39,TRADE
NSW1,2021/08/03 07:00:00,8286.45,26.22,TRADE
NSW1,2021/08/03 07:30:00,8642.37,48.84,TRADE
NSW1,2021/08/03 08:00:00,8847.33,33.46,TRADE
NSW1,2021/08/03 08:30:00,8806.59,57.52,TRADE
NSW1,2021/08/03 09:00:00,8592,58.12,TRADE
NSW1,2021/08/03 09:30:00,8374.8,51.20,TRADE
NSW1,2021/08/03 10:00:00,7748.98,39.43,TRADE
NSW1,2021/08/03 10:30:00,7640.38,33.37,TRADE
NSW1,2021/08/03 11:00:00,7426.81,26.90,TRADE
NSW1,2021/08/03 11:30:00,7275.92,25.69,TRADE
NSW1,2021/08/03 12:00:00,7073.75,18.69,TRADE
NSW1,2021/08/03 12:30:00,6937.9,34.60,TRADE
NSW1,2021/08/03 13:00:00,6892.91,36.56,TRADE
NSW1,2021/08/03 13:30:00,6852.99,11.76,TRADE
NSW1,2021/08/03 14:00:00,6898.91,26.94,TRADE
NSW1,2021/08/03 14:30:00,6988.93,43.40,TRADE
NSW1,2021/08/03 15:00:00,7104.27,48.07,TRADE
NSW1,2021/08/03 15:30:00,7391.42,55.84,TRADE
NSW1,2021/08/03 16:00:00,7720.6,46.24,TRADE
NSW1,2021/08/03 16:30:00,8191.23,33.86,TRADE
NSW1,2021/08/03 17:00:00,8766.35,66.19,TRADE
NSW1,2021/08/03 17:30:00,9463.93,63.73,TRADE
NSW1,2021/08/03 18:00:00,10264.03,122.93,TRADE
NSW1,2021/08/03 18:30:00,10478.28,108.91,TRADE
NSW1,2021/08/03 19:00:00,10417.98,71.21,TRADE
NSW1,2021/08/03 19:30:00,10176.38,62.86,TRADE
NSW1,2021/08/03 20:00:00,9914.45,65.02,TRADE
NSW1,2021/08/03 20:30:00,9727.21,60.16,TRADE
NSW1,2021/08/03 21:00:00,9512.95,52.56,TRADE
NSW1,2021/08/03 21:30:00,9206.18,43.44,TRADE
NSW1,2021/08/03 22:00:00,8928.98,40.34,TRADE
NSW1,2021/08/03 22:30:00,8742.78,54.88,TRADE
NSW1,2021/08/03 23:00:00,8534.16,39.38,TRADE
NSW1,2021/08/03 23:30:00,8390.73,43.18,TRADE
NSW1,2021/08/04 00:00:00,8227.1,52.03,TRADE
NSW1,2021/08/04 00:30:00,8040.24,57.66,TRADE
NSW1,2021/08/04 01:00:00,7847.95,48.33,TRADE
NSW1,2021/08/04 01:30:00,7611.87,41.33,TRADE
NSW1,2021/08/04 02:00:00,7436.03,36.53,TRADE
NSW1,2021/08/04 02:30:00,7146.24,40.30,TRADE
NSW1,2021/08/04 03:00:00,6924.44,34.70,TRADE
NSW1,2021/08/04 03:30:00,6731.69,24.92,TRADE
NSW1,2021/08/04 04:00:00,6673.58,25.08,TRADE
NSW1,2021/08/04 04:30:00,6707.05,34.40,TRADE
NSW1,2021/08/04 05:00:00,6822.82,26.01,TRADE
NSW1,2021/08/04 05:30:00,7115.25,37.07,TRADE
NSW1,2021/08/04 06:00:00,7433.66,23.99,TRADE
NSW1,2021/08/04 06:30:00,8177.02,45.09,TRADE
NSW1,2021/08/04 07:00:00,8756.78,64.58,TRADE
NSW1,2021/08/04 07:30:00,9196.03,77.18,TRADE
NSW1,2021/08/04 08:00:00,9343.25,39.28,TRADE
NSW1,2021/08/04 08:30:00,9329.42,61.62,TRADE
NSW1,2021/08/04 09:00:00,9004.2,55.28,TRADE
NSW1,2021/08/04 09:30:00,8696.92,56.84,TRADE
NSW1,2021/08/04 10:00:00,8288.52,52.89,TRADE
NSW1,2021/08/04 10:30:00,8070.78,61.62,TRADE
NSW1,2021/08/04 11:00:00,7871.19,33.64,TRADE
NSW1,2021/08/04 11:30:00,7596.64,50.17,TRADE
NSW1,2021/08/04 12:00:00,7411.93,25.99,TRADE
NSW1,2021/08/04 12:30:00,7196.36,6.21,TRADE
NSW1,2021/08/04 13:00:00,7138.98,1.50,TRADE
NSW1,2021/08/04 13:30:00,7219.02,26.98,TRADE
NSW1,2021/08/04 14:00:00,7244.83,24.29,TRADE
NSW1,2021/08/04 14:30:00,7348.16,67.74,TRADE
NSW1,2021/08/04 15:00:00,7483.35,24.19,TRADE
NSW1,2021/08/04 15:30:00,7763.95,66.58,TRADE
NSW1,2021/08/04 16:00:00,8194.56,63.31,TRADE
NSW1,2021/08/04 16:30:00,8757.76,59.15,TRADE
NSW1,2021/08/04 17:00:00,9405.63,68.01,TRADE
NSW1,2021/08/04 17:30:00,10161.3,94.44,TRADE
NSW1,2021/08/04 18:00:00,11044.27,191.77,TRADE
NSW1,2021/08/04 18:30:00,11343.96,152.72,TRADE
NSW1,2021/08/04 19:00:00,11257.61,155.59,TRADE
NSW1,2021/08/04 19:30:00,10943.51,101.33,TRADE
NSW1,2021/08/04 20:00:00,10695.88,105.07,TRADE
NSW1,2021/08/04 20:30:00,10446.39,107.61,TRADE
NSW1,2021/08/04 21:00:00,10082.36,90.58,TRADE
NSW1,2021/08/04 21:30:00,9760.39,92.98,TRADE
NSW1,2021/08/04 22:00:00,9390.26,93.04,TRADE
NSW1,2021/08/04 22:30:00,9145.34,81.48,TRADE
NSW1,2021/08/04 23:00:00,8870.13,78.49,TRADE
NSW1,2021/08/04 23:30:00,8622.3,69.92,TRADE
NSW1,2021/08/05 00:00:00,8441.91,69.45,TRADE
NSW1,2021/08/05 00:30:00,8267.92,53.40,TRADE
NSW1,2021/08/05 01:00:00,8048.4,42.45,TRADE
NSW1,2021/08/05 01:30:00,7831.75,36.18,TRADE
NSW1,2021/08/05 02:00:00,7637.38,37.70,TRADE
NSW1,2021/08/05 02:30:00,7330.64,39.87,TRADE
NSW1,2021/08/05 03:00:00,7087.86,32.74,TRADE
NSW1,2021/08/05 03:30:00,6887.79,28.98,TRADE
NSW1,2021/08/05 04:00:00,6802.53,29.70,TRADE
NSW1,2021/08/05 04:30:00,6827.3,36.42,TRADE
NSW1,2021/08/05 05:00:00,6956.43,26.07,TRADE
NSW1,2021/08/05 05:30:00,7176.17,35.49,TRADE
NSW1,2021/08/05 06:00:00,7528.49,20.48,TRADE
NSW1,2021/08/05 06:30:00,8253.65,46.33,TRADE
NSW1,2021/08/05 07:00:00,8863.13,68.39,TRADE
NSW1,2021/08/05 07:30:00,9230.62,53.39,TRADE
NSW1,2021/08/05 08:00:00,9447.36,30.91,TRADE
NSW1,2021/08/05 08:30:00,9307.44,39.44,TRADE
NSW1,2021/08/05 09:00:00,8944.45,57.18,TRADE
NSW1,2021/08/05 09:30:00,8509.33,59.41,TRADE
NSW1,2021/08/05 10:00:00,7787.21,21.01,TRADE
NSW1,2021/08/05 10:30:00,7703.8,31.63,TRADE
NSW1,2021/08/05 11:00:00,7391.21,10.09,TRADE
NSW1,2021/08/05 11:30:00,7119.77,2,TRADE
NSW1,2021/08/05 12:00:00,6936.82,1.91,TRADE
NSW1,2021/08/05 12:30:00,6833.73,-0.27,TRADE
NSW1,2021/08/05 13:00:00,6796.9,6.97,TRADE
NSW1,2021/08/05 13:30:00,6766.57,14.77,TRADE
NSW1,2021/08/05 14:00:00,6808.86,4.22,TRADE
NSW1,2021/08/05 14:30:00,6860.89,7.39,TRADE
NSW1,2021/08/05 15:00:00,7028.96,30.29,TRADE
NSW1,2021/08/05 15:30:00,7314.84,21.08,TRADE
NSW1,2021/08/05 16:00:00,7761.6,33.83,TRADE
NSW1,2021/08/05 16:30:00,8196.45,44.55,TRADE
NSW1,2021/08/05 17:00:00,8770.97,63.33,TRADE
NSW1,2021/08/05 17:30:00,9446.36,69.44,TRADE
NSW1,2021/08/05 18:00:00,10301.29,104.19,TRADE
NSW1,2021/08/05 18:30:00,10569.71,96.85,TRADE
NSW1,2021/08/05 19:00:00,10572.22,93.54,TRADE
NSW1,2021/08/05 19:30:00,10372.3,92.02,TRADE
NSW1,2021/08/05 20:00:00,10145.51,93.07,TRADE
NSW1,2021/08/05 20:30:00,9928.69,98.63,TRADE
NSW1,2021/08/05 21:00:00,9739.47,82.80,TRADE
NSW1,2021/08/05 21:30:00,9403.48,78.17,TRADE
NSW1,2021/08/05 22:00:00,9089.59,69.50,TRADE
NSW1,2021/08/05 22:30:00,8965.12,69.56,TRADE
NSW1,2021/08/05 23:00:00,8695.89,63.48,TRADE
NSW1,2021/08/05 23:30:00,8493.23,65.51,TRADE
NSW1,2021/08/06 00:00:00,8363.38,66.51,TRADE
NSW1,2021/08/06 00:30:00,8199.46,65.41,TRADE
NSW1,2021/08/06 01:00:00,8028.28,56.48,TRADE
NSW1,2021/08/06 01:30:00,7781.56,47.24,TRADE
NSW1,2021/08/06 02:00:00,7557.15,32,TRADE
NSW1,2021/08/06 02:30:00,7273.82,32.51,TRADE
NSW1,2021/08/06 03:00:00,7027.99,32.32,TRADE
NSW1,2021/08/06 03:30:00,6848.13,28.95,TRADE
NSW1,2021/08/06 04:00:00,6705.95,33.59,TRADE
NSW1,2021/08/06 04:30:00,6759.41,35.43,TRADE
NSW1,2021/08/06 05:00:00,6868.84,26.73,TRADE
NSW1,2021/08/06 05:30:00,7182.59,19.42,TRADE
NSW1,2021/08/06 06:00:00,7558.26,19.85,TRADE
NSW1,2021/08/06 06:30:00,8220.64,34.60,TRADE
NSW1,2021/08/06 07:00:00,8798.78,79,TRADE
NSW1,2021/08/06 07:30:00,9198.92,71.43,TRADE
NSW1,2021/08/06 08:00:00,9321.58,51.91,TRADE
NSW1,2021/08/06 08:30:00,9203.31,40.75,TRADE
NSW1,2021/08/06 09:00:00,8929.28,50.49,TRADE
NSW1,2021/08/06 09:30:00,8472.35,49.20,TRADE
NSW1,2021/08/06 10:00:00,8004.91,51.88,TRADE
NSW1,2021/08/06 10:30:00,7628.24,60.40,TRADE
NSW1,2021/08/06 11:00:00,7293.62,32.64,TRADE
NSW1,2021/08/06 11:30:00,6948.99,24.33,TRADE
NSW1,2021/08/06 12:00:00,6747.6,38.43,TRADE
NSW1,2021/08/06 12:30:00,6633.85,32.56,TRADE
NSW1,2021/08/06 13:00:00,6521.5,30.02,TRADE
NSW1,2021/08/06 13:30:00,6436.68,33.14,TRADE
NSW1,2021/08/06 14:00:00,6429.7,42.45,TRADE
NSW1,2021/08/06 14:30:00,6516.32,46.74,TRADE
NSW1,2021/08/06 15:00:00,6722.13,60.46,TRADE
NSW1,2021/08/06 15:30:00,6915.26,26.68,TRADE
NSW1,2021/08/06 16:00:00,7290.93,45,TRADE
NSW1,2021/08/06 16:30:00,7792.1,41.21,TRADE
NSW1,2021/08/06 17:00:00,8371.25,57.30,TRADE
NSW1,2021/08/06 17:30:00,9036.29,68.29,TRADE
NSW1,2021/08/06 18:00:00,9751.16,149.73,TRADE
NSW1,2021/08/06 18:30:00,10026.14,118.82,TRADE
NSW1,2021/08/06 19:00:00,9981.79,110.97,TRADE
NSW1,2021/08/06 19:30:00,9771.52,76.02,TRADE
NSW1,2021/08/06 20:00:00,9580.26,76.91,TRADE
NSW1,2021/08/06 20:30:00,9489.92,91.59,TRADE
NSW1,2021/08/06 21:00:00,9303,82.55,TRADE
NSW1,2021/08/06 21:30:00,9073.77,80.10,TRADE
NSW1,2021/08/06 22:00:00,8855.17,79.58,TRADE
NSW1,2021/08/06 22:30:00,8793.28,105.08,TRADE
NSW1,2021/08/06 23:00:00,8623.11,106.68,TRADE
NSW1,2021/08/06 23:30:00,8460.79,92.96,TRADE
NSW1,2021/08/07 00:00:00,8380.64,82.99,TRADE
NSW1,2021/08/07 00:30:00,8188.13,87.03,TRADE
NSW1,2021/08/07 01:00:00,8009.46,81.04,TRADE
NSW1,2021/08/07 01:30:00,7801.41,76.87,TRADE
NSW1,2021/08/07 02:00:00,7503.78,64.20,TRADE
NSW1,2021/08/07 02:30:00,7260.85,45.70,TRADE
NSW1,2021/08/07 03:00:00,6963.47,38.08,TRADE
NSW1,2021/08/07 03:30:00,6837.06,43.63,TRADE
NSW1,2021/08/07 04:00:00,6683.05,40.20,TRADE
NSW1,2021/08/07 04:30:00,6668.32,43.05,TRADE
NSW1,2021/08/07 05:00:00,6642.96,41.79,TRADE
NSW1,2021/08/07 05:30:00,6775.32,44.69,TRADE
NSW1,2021/08/07 06:00:00,6985.08,41.83,TRADE
NSW1,2021/08/07 06:30:00,7326.51,49.51,TRADE
NSW1,2021/08/07 07:00:00,7680.67,68.58,TRADE
NSW1,2021/08/07 07:30:00,7926.69,69.42,TRADE
NSW1,2021/08/07 08:00:00,8153.4,66.89,TRADE
NSW1,2021/08/07 08:30:00,8216.01,64.92,TRADE
NSW1,2021/08/07 09:00:00,8085.27,71.34,TRADE
NSW1,2021/08/07 09:30:00,7817.11,50.61,TRADE
NSW1,2021/08/07 10:00:00,7421.02,11.10,TRADE
NSW1,2021/08/07 10:30:00,7108.04,27.61,TRADE
NSW1,2021/08/07 11:00:00,6715.89,28.19,TRADE
NSW1,2021/08/07 11:30:00,6348.08,17.10,TRADE
NSW1,2021/08/07 12:00:00,6072.58,12.42,TRADE
NSW1,2021/08/07 12:30:00,6082.83,17.43,TRADE
NSW1,2021/08/07 13:00:00,5976.09,3.03,TRADE
NSW1,2021/08/07 13:30:00,5917.98,1.92,TRADE
NSW1,2021/08/07 14:00:00,5983.55,5.26,TRADE
NSW1,2021/08/07 14:30:00,6041.52,4.81,TRADE
NSW1,2021/08/07 15:00:00,6306.07,30.92,TRADE
NSW1,2021/08/07 15:30:00,6641.47,52.37,TRADE
NSW1,2021/08/07 16:00:00,7042.35,46.22,TRADE
NSW1,2021/08/07 16:30:00,7526.83,62.51,TRADE
NSW1,2021/08/07 17:00:00,8206.26,82.18,TRADE
NSW1,2021/08/07 17:30:00,8874.43,82.90,TRADE
NSW1,2021/08/07 18:00:00,9655.5,234.37,TRADE
NSW1,2021/08/07 18:30:00,9994.19,299.98,TRADE
NSW1,2021/08/07 19:00:00,9994.42,209.54,TRADE
NSW1,2021/08/07 19:30:00,9833.94,133.20,TRADE
NSW1,2021/08/07 20:00:00,9680.26,132.07,TRADE
NSW1,2021/08/07 20:30:00,9529.23,149,TRADE
NSW1,2021/08/07 21:00:00,9367.53,121.26,TRADE
NSW1,2021/08/07 21:30:00,9196.15,131.83,TRADE
NSW1,2021/08/07 22:00:00,8954.09,104.51,TRADE
NSW1,2021/08/07 22:30:00,8794.01,105.93,TRADE
NSW1,2021/08/07 23:00:00,8581.04,100.58,TRADE
NSW1,2021/08/07 23:30:00,8408.73,101.13,TRADE
NSW1,2021/08/08 00:00:00,8156.31,91.23,TRADE
NSW1,2021/08/08 00:30:00,7907.58,107.11,TRADE
NSW1,2021/08/08 01:00:00,7677.09,90.04,TRADE
NSW1,2021/08/08 01:30:00,7427.9,94.82,TRADE
NSW1,2021/08/08 02:00:00,7189.87,90.54,TRADE
NSW1,2021/08/08 02:30:00,6928.06,70.85,TRADE
NSW1,2021/08/08 03:00:00,6748.52,66.01,TRADE
NSW1,2021/08/08 03:30:00,6574.58,73.21,TRADE
NSW1,2021/08/08 04:00:00,6512.25,67.62,TRADE
NSW1,2021/08/08 04:30:00,6509.8,60.29,TRADE
NSW1,2021/08/08 05:00:00,6555.99,61.68,TRADE
NSW1,2021/08/08 05:30:00,6616.19,58.70,TRADE
NSW1,2021/08/08 06:00:00,6749.98,57.52,TRADE
NSW1,2021/08/08 06:30:00,6979.39,64.71,TRADE
NSW1,2021/08/08 07:00:00,7195.25,73.37,TRADE
NSW1,2021/08/08 07:30:00,7487.55,73.44,TRADE
NSW1,2021/08/08 08:00:00,7747.23,64.15,TRADE
NSW1,2021/08/08 08:30:00,7946.21,52.08,TRADE
NSW1,2021/08/08 09:00:00,8077.89,41.11,TRADE
NSW1,2021/08/08 09:30:00,8166.63,59.05,TRADE
NSW1,2021/08/08 10:00:00,8115.32,44.36,TRADE
NSW1,2021/08/08 10:30:00,8004.66,28.19,TRADE
NSW1,2021/08/08 11:00:00,7806.51,17.68,TRADE
NSW1,2021/08/08 11:30:00,7826.29,20.72,TRADE
NSW1,2021/08/08 12:00:00,7850.02,21.18,TRADE
NSW1,2021/08/08 12:30:00,7908.13,45.19,TRADE
NSW1,2021/08/08 13:00:00,7899.68,44.92,TRADE
NSW1,2021/08/08 13:30:00,7839.7,40.30,TRADE
NSW1,2021/08/08 14:00:00,7825.29,55.88,TRADE
NSW1,2021/08/08 14:30:00,7954.07,58.60,TRADE
NSW1,2021/08/08 15:00:00,8167.36,65.56,TRADE
NSW1,2021/08/08 15:30:00,8352.69,69.92,TRADE
NSW1,2021/08/08 16:00:00,8594.71,90.92,TRADE
NSW1,2021/08/08 16:30:00,8970.22,86.40,TRADE
NSW1,2021/08/08 17:00:00,9428.4,81.42,TRADE
NSW1,2021/08/08 17:30:00,9886.21,103.40,TRADE
NSW1,2021/08/08 18:00:00,10369.51,222.42,TRADE
NSW1,2021/08/08 18:30:00,10595.68,299.70,TRADE
NSW1,2021/08/08 19:00:00,10418.32,202.88,TRADE
NSW1,2021/08/08 19:30:00,10137.94,112.58,TRADE
NSW1,2021/08/08 20:00:00,9855.3,103.14,TRADE
NSW1,2021/08/08 20:30:00,9593.27,99.72,TRADE
NSW1,2021/08/08 21:00:00,9344.05,74.34,TRADE
NSW1,2021/08/08 21:30:00,9105.7,85.77,TRADE
NSW1,2021/08/08 22:00:00,8773.49,73.88,TRADE
NSW1,2021/08/08 22:30:00,8574.73,90.43,TRADE
NSW1,2021/08/08 23:00:00,8274.63,79.56,TRADE
NSW1,2021/08/08 23:30:00,8083.41,74.54,TRADE
NSW1,2021/08/09 00:00:00,7873.89,72.37,TRADE
NSW1,2021/08/09 00:30:00,7637.38,74.80,TRADE
NSW1,2021/08/09 01:00:00,7440.85,68.17,TRADE
NSW1,2021/08/09 01:30:00,7198.72,65.37,TRADE
NSW1,2021/08/09 02:00:00,7042.8,61.10,TRADE
NSW1,2021/08/09 02:30:00,6802.34,51.03,TRADE
NSW1,2021/08/09 03:00:00,6617.19,41.69,TRADE
NSW1,2021/08/09 03:30:00,6587.43,35.84,TRADE
NSW1,2021/08/09 04:00:00,6523.48,35.68,TRADE
NSW1,2021/08/09 04:30:00,6556.72,41.08,TRADE
NSW1,2021/08/09 05:00:00,6673.41,49.11,TRADE
NSW1,2021/08/09 05:30:00,6982.84,41.52,TRADE
NSW1,2021/08/09 06:00:00,7301.05,35.04,TRADE
NSW1,2021/08/09 06:30:00,8048.41,55.84,TRADE
NSW1,2021/08/09 07:00:00,8597.97,71.44,TRADE
NSW1,2021/08/09 07:30:00,9027.15,90.78,TRADE
NSW1,2021/08/09 08:00:00,9278.23,72.82,TRADE
NSW1,2021/08/09 08:30:00,9249.38,65.17,TRADE
NSW1,2021/08/09 09:00:00,8967.84,55.10,TRADE
NSW1,2021/08/09 09:30:00,8653.67,76.65,TRADE
NSW1,2021/08/09 10:00:00,8231.29,61.46,TRADE
NSW1,2021/08/09 10:30:00,7939.28,60.90,TRADE
NSW1,2021/08/09 11:00:00,7643.93,57.43,TRADE
NSW1,2021/08/09 11:30:00,7460.27,60.52,TRADE
NSW1,2021/08/09 12:00:00,7295.91,55.63,TRADE
NSW1,2021/08/09 12:30:00,7195.24,42.66,TRADE
NSW1,2021/08/09 13:00:00,7169.67,37.11,TRADE
NSW1,2021/08/09 13:30:00,7117.35,48.78,TRADE
NSW1,2021/08/09 14:00:00,7092.22,46.27,TRADE
NSW1,2021/08/09 14:30:00,7138.86,49.97,TRADE
NSW1,2021/08/09 15:00:00,7164.22,42.54,TRADE
NSW1,2021/08/09 15:30:00,7367.06,53.46,TRADE
NSW1,2021/08/09 16:00:00,7649.31,64.10,TRADE
NSW1,2021/08/09 16:30:00,8065.85,71.80,TRADE
NSW1,2021/08/09 17:00:00,8742.27,67.44,TRADE
NSW1,2021/08/09 17:30:00,9505.78,96.60,TRADE
NSW1,2021/08/09 18:00:00,10310.02,170.41,TRADE
NSW1,2021/08/09 18:30:00,10594.79,165.31,TRADE
NSW1,2021/08/09 19:00:00,10508.82,149.76,TRADE
NSW1,2021/08/09 19:30:00,10203.5,72.67,TRADE
NSW1,2021/08/09 20:00:00,9953.54,73.92,TRADE
NSW1,2021/08/09 20:30:00,9688.16,70.18,TRADE
NSW1,2021/08/09 21:00:00,9458.16,63.71,TRADE
NSW1,2021/08/09 21:30:00,9157.77,71,TRADE
NSW1,2021/08/09 22:00:00,8903.08,71.93,TRADE
NSW1,2021/08/09 22:30:00,8804.57,77.15,TRADE
NSW1,2021/08/09 23:00:00,8513.93,70.01,TRADE
NSW1,2021/08/09 23:30:00,8389.36,74.41,TRADE
NSW1,2021/08/10 00:00:00,8220.72,75.23,TRADE
NSW1,2021/08/10 00:30:00,8076.59,72.80,TRADE
NSW1,2021/08/10 01:00:00,7878.52,64.24,TRADE
NSW1,2021/08/10 01:30:00,7719.55,55.37,TRADE
NSW1,2021/08/10 02:00:00,7447.27,45.88,TRADE
NSW1,2021/08/10 02:30:00,7216.03,36.54,TRADE
NSW1,2021/08/10 03:00:00,7017.05,35.77,TRADE
NSW1,2021/08/10 03:30:00,6823.44,59.12,TRADE
NSW1,2021/08/10 04:00:00,6733.85,47.30,TRADE
NSW1,2021/08/10 04:30:00,6729.63,42.66,TRADE
NSW1,2021/08/10 05:00:00,6819.16,45.39,TRADE
NSW1,2021/08/10 05:30:00,7124.71,48.99,TRADE
NSW1,2021/08/10 06:00:00,7354.38,46.08,TRADE
NSW1,2021/08/10 06:30:00,8051.84,67.76,TRADE
NSW1,2021/08/10 07:00:00,8600.88,102.84,TRADE
NSW1,2021/08/10 07:30:00,9033.23,75.74,TRADE
NSW1,2021/08/10 08:00:00,9200.18,77.74,TRADE
NSW1,2021/08/10 08:30:00,8997.47,60.44,TRADE
NSW1,2021/08/10 09:00:00,8605.13,47.92,TRADE
NSW1,2021/08/10 09:30:00,8103.83,29.91,TRADE
NSW1,2021/08/10 10:00:00,7421.48,34.96,TRADE
NSW1,2021/08/10 10:30:00,7259.55,31.10,TRADE
NSW1,2021/08/10 11:00:00,6940.12,11.97,TRADE
NSW1,2021/08/10 11:30:00,6593.3,13.17,TRADE
NSW1,2021/08/10 12:00:00,6454.39,26.75,TRADE
NSW1,2021/08/10 12:30:00,6360.88,24.33,TRADE
NSW1,2021/08/10 13:00:00,6377.07,18.42,TRADE
NSW1,2021/08/10 13:30:00,6395.19,22.64,TRADE
NSW1,2021/08/10 14:00:00,6446.49,48.10,TRADE
NSW1,2021/08/10 14:30:00,6663.78,64.84,TRADE
NSW1,2021/08/10 15:00:00,6897.77,47.05,TRADE
NSW1,2021/08/10 15:30:00,7141.59,52.83,TRADE
NSW1,2021/08/10 16:00:00,7442.5,63.68,TRADE
NSW1,2021/08/10 16:30:00,7743.81,12.61,TRADE
NSW1,2021/08/10 17:00:00,8222.91,41.53,TRADE
NSW1,2021/08/10 17:30:00,8836.33,77.40,TRADE
NSW1,2021/08/10 18:00:00,9596.27,121.49,TRADE
NSW1,2021/08/10 18:30:00,9925.9,192.20,TRADE
NSW1,2021/08/10 19:00:00,9854.29,97.57,TRADE
NSW1,2021/08/10 19:30:00,9537.61,71.30,TRADE
NSW1,2021/08/10 20:00:00,9300.17,69.29,TRADE
NSW1,2021/08/10 20:30:00,9148.58,71,TRADE
NSW1,2021/08/10 21:00:00,8899.38,71,TRADE
NSW1,2021/08/10 21:30:00,8680.87,71,TRADE
NSW1,2021/08/10 22:00:00,8423.23,59.95,TRADE
NSW1,2021/08/10 22:30:00,8350.36,57.47,TRADE
NSW1,2021/08/10 23:00:00,8181.76,56.61,TRADE
NSW1,2021/08/10 23:30:00,8067.63,58.08,TRADE
NSW1,2021/08/11 00:00:00,7978.43,60.70,TRADE
NSW1,2021/08/11 00:30:00,7790.28,61.96,TRADE
NSW1,2021/08/11 01:00:00,7680.91,56.80,TRADE
NSW1,2021/08/11 01:30:00,7484.17,64.45,TRADE
NSW1,2021/08/11 02:00:00,7246.53,55.62,TRADE
NSW1,2021/08/11 02:30:00,6953.04,53.15,TRADE
NSW1,2021/08/11 03:00:00,6692.1,44.98,TRADE
NSW1,2021/08/11 03:30:00,6506.07,40.22,TRADE
NSW1,2021/08/11 04:00:00,6473.53,43.16,TRADE
NSW1,2021/08/11 04:30:00,6511.87,46.39,TRADE
NSW1,2021/08/11 05:00:00,6584.43,40.22,TRADE
NSW1,2021/08/11 05:30:00,6812.75,34.50,TRADE
NSW1,2021/08/11 06:00:00,7141.44,25.73,TRADE
NSW1,2021/08/11 06:30:00,7767.12,59.23,TRADE
NSW1,2021/08/11 07:00:00,8201.18,80.27,TRADE
NSW1,2021/08/11 07:30:00,8456.07,82.35,TRADE
NSW1,2021/08/11 08:00:00,8499.79,57.11,TRADE
NSW1,2021/08/11 08:30:00,8292.05,39.90,TRADE
NSW1,2021/08/11 09:00:00,7893.78,47.73,TRADE
NSW1,2021/08/11 09:30:00,7522.25,36.55,TRADE
NSW1,2021/08/11 10:00:00,7079.83,21.57,TRADE
NSW1,2021/08/11 10:30:00,6780.65,42.93,TRADE
NSW1,2021/08/11 11:00:00,6504.84,43.57,TRADE
NSW1,2021/08/11 11:30:00,6236.55,38.24,TRADE
NSW1,2021/08/11 12:00:00,6135.34,26.43,TRADE
NSW1,2021/08/11 12:30:00,6056.13,32.03,TRADE
NSW1,2021/08/11 13:00:00,6078.69,45.23,TRADE
NSW1,2021/08/11 13:30:00,6117.54,30.37,TRADE
NSW1,2021/08/11 14:00:00,6302.9,45.49,TRADE
NSW1,2021/08/11 14:30:00,6338.22,8.09,TRADE
NSW1,2021/08/11 15:00:00,6537.14,40.38,TRADE
NSW1,2021/08/11 15:30:00,6747.96,65.73,TRADE
NSW1,2021/08/11 16:00:00,7038.05,66.82,TRADE
NSW1,2021/08/11 16:30:00,7443.5,82.56,TRADE
NSW1,2021/08/11 17:00:00,7871.24,20.45,TRADE
NSW1,2021/08/11 17:30:00,8387.43,82.05,TRADE
NSW1,2021/08/11 18:00:00,9047.22,94.93,TRADE
NSW1,2021/08/11 18:30:00,9261.16,95.59,TRADE
NSW1,2021/08/11 19:00:00,9143.99,97.42,TRADE
NSW1,2021/08/11 19:30:00,8869.97,68.76,TRADE
NSW1,2021/08/11 20:00:00,8601.11,64.31,TRADE
NSW1,2021/08/11 20:30:00,8423.98,62.61,TRADE
NSW1,2021/08/11 21:00:00,8221.6,66.43,TRADE
NSW1,2021/08/11 21:30:00,8076.68,57.50,TRADE
NSW1,2021/08/11 22:00:00,7834.7,42.11,TRADE
NSW1,2021/08/11 22:30:00,7826.18,55.27,TRADE
NSW1,2021/08/11 23:00:00,7632.68,51.44,TRADE
NSW1,2021/08/11 23:30:00,7587.08,54.42,TRADE
NSW1,2021/08/12 00:00:00,7561.06,50.17,TRADE
NSW1,2021/08/12 00:30:00,7472.1,53.76,TRADE
NSW1,2021/08/12 01:00:00,7385.4,57.01,TRADE
NSW1,2021/08/12 01:30:00,7227.66,41.38,TRADE
NSW1,2021/08/12 02:00:00,6962.18,37.78,TRADE
NSW1,2021/08/12 02:30:00,6658.55,33.40,TRADE
NSW1,2021/08/12 03:00:00,6452.51,33.81,TRADE
NSW1,2021/08/12 03:30:00,6323.63,35.30,TRADE
NSW1,2021/08/12 04:00:00,6249.52,35.78,TRADE
NSW1,2021/08/12 04:30:00,6187.8,35.68,TRADE
NSW1,2021/08/12 05:00:00,6275.49,35.83,TRADE
NSW1,2021/08/12 05:30:00,6494.33,40.62,TRADE
NSW1,2021/08/12 06:00:00,6744.48,28.43,TRADE
NSW1,2021/08/12 06:30:00,7307.4,57.65,TRADE
NSW1,2021/08/12 07:00:00,7655.53,77.91,TRADE
NSW1,2021/08/12 07:30:00,7921,64.43,TRADE
NSW1,2021/08/12 08:00:00,8101.22,46.40,TRADE
NSW1,2021/08/12 08:30:00,7939.05,39.79,TRADE
NSW1,2021/08/12 09:00:00,7575.2,40.92,TRADE
NSW1,2021/08/12 09:30:00,7184.31,41.15,TRADE
NSW1,2021/08/12 10:00:00,6670.19,28.61,TRADE
NSW1,2021/08/12 10:30:00,6765.98,37.61,TRADE
NSW1,2021/08/12 11:00:00,6524,26.94,TRADE
NSW1,2021/08/12 11:30:00,6335.9,18.66,TRADE
NSW1,2021/08/12 12:00:00,6189.96,17.30,TRADE
NSW1,2021/08/12 12:30:00,6027.84,5.72,TRADE
NSW1,2021/08/12 13:00:00,5961.39,9.16,TRADE
NSW1,2021/08/12 13:30:00,5990.18,19.71,TRADE
NSW1,2021/08/12 14:00:00,6112.12,19.12,TRADE
NSW1,2021/08/12 14:30:00,6192.75,26.39,TRADE
NSW1,2021/08/12 15:00:00,6353.7,34.38,TRADE
NSW1,2021/08/12 15:30:00,6627.6,44.82,TRADE
NSW1,2021/08/12 16:00:00,6991.13,39.17,TRADE
NSW1,2021/08/12 16:30:00,7425.06,43.13,TRADE
NSW1,2021/08/12 17:00:00,7868.75,89.18,TRADE
NSW1,2021/08/12 17:30:00,8486.83,95.34,TRADE
NSW1,2021/08/12 18:00:00,9306.57,184.99,TRADE
NSW1,2021/08/12 18:30:00,9639.4,192.58,TRADE
NSW1,2021/08/12 19:00:00,9605.12,191.62,TRADE
NSW1,2021/08/12 19:30:00,9427.27,109.57,TRADE
NSW1,2021/08/12 20:00:00,9221.98,86.26,TRADE
NSW1,2021/08/12 20:30:00,9101.9,96.59,TRADE
NSW1,2021/08/12 21:00:00,8909.92,100.25,TRADE
NSW1,2021/08/12 21:30:00,8734.01,89.07,TRADE
NSW1,2021/08/12 22:00:00,8489.02,76.02,TRADE
NSW1,2021/08/12 22:30:00,8460.26,110.97,TRADE
NSW1,2021/08/12 23:00:00,8268.2,86.09,TRADE
NSW1,2021/08/12 23:30:00,8197.81,74.14,TRADE
NSW1,2021/08/13 00:00:00,8077.25,81.77,TRADE
NSW1,2021/08/13 00:30:00,8004.36,88.81,TRADE
NSW1,2021/08/13 01:00:00,7855.44,66.95,TRADE
NSW1,2021/08/13 01:30:00,7619.98,52.99,TRADE
NSW1,2021/08/13 02:00:00,7455,46.79,TRADE
NSW1,2021/08/13 02:30:00,7196.05,43.69,TRADE
NSW1,2021/08/13 03:00:00,6956.82,48.26,TRADE
NSW1,2021/08/13 03:30:00,6759.93,42.72,TRADE
NSW1,2021/08/13 04:00:00,6671.02,40.10,TRADE
NSW1,2021/08/13 04:30:00,6733.94,39.98,TRADE
NSW1,2021/08/13 05:00:00,6819.39,41.26,TRADE
NSW1,2021/08/13 05:30:00,7144.56,49.68,TRADE
NSW1,2021/08/13 06:00:00,7466.99,49.04,TRADE
NSW1,2021/08/13 06:30:00,8080.86,73.01,TRADE
NSW1,2021/08/13 07:00:00,8461.8,102.95,TRADE
NSW1,2021/08/13 07:30:00,8807.88,99.81,TRADE
NSW1,2021/08/13 08:00:00,8972.27,72.02,TRADE
NSW1,2021/08/13 08:30:00,9010.78,65.17,TRADE
NSW1,2021/08/13 09:00:00,8721.7,46.12,TRADE
NSW1,2021/08/13 09:30:00,8241.82,27.34,TRADE
NSW1,2021/08/13 10:00:00,7766.18,20.85,TRADE
NSW1,2021/08/13 10:30:00,7421.26,20.35,TRADE
NSW1,2021/08/13 11:00:00,7095.34,26.54,TRADE
NSW1,2021/08/13 11:30:00,6773.91,5.58,TRADE
NSW1,2021/08/13 12:00:00,6634.42,5.47,TRADE
NSW1,2021/08/13 12:30:00,6543.3,6.05,TRADE
NSW1,2021/08/13 13:00:00,6489.3,16.20,TRADE
NSW1,2021/08/13 13:30:00,6349.08,17.84,TRADE
NSW1,2021/08/13 14:00:00,6378.33,30.33,TRADE
NSW1,2021/08/13 14:30:00,6436.19,28.33,TRADE
NSW1,2021/08/13 15:00:00,6651.78,43.03,TRADE
NSW1,2021/08/13 15:30:00,6788.36,32.97,TRADE
NSW1,2021/08/13 16:00:00,7112.07,74.87,TRADE
NSW1,2021/08/13 16:30:00,7520.27,28.17,TRADE
NSW1,2021/08/13 17:00:00,8089.06,56.63,TRADE
NSW1,2021/08/13 17:30:00,8695.33,58.85,TRADE
NSW1,2021/08/13 18:00:00,9469.07,73.87,TRADE
NSW1,2021/08/13 18:30:00,9800.98,92.25,TRADE
NSW1,2021/08/13 19:00:00,9814.44,88.60,TRADE
NSW1,2021/08/13 19:30:00,9630.6,85.89,TRADE
NSW1,2021/08/13 20:00:00,9420.69,90.61,TRADE
NSW1,2021/08/13 20:30:00,9275.99,85.83,TRADE
NSW1,2021/08/13 21:00:00,9105.41,93.01,TRADE
NSW1,2021/08/13 21:30:00,8920.02,80.04,TRADE
NSW1,2021/08/13 22:00:00,8687.04,77.29,TRADE
NSW1,2021/08/13 22:30:00,8623.93,100.08,TRADE
NSW1,2021/08/13 23:00:00,8439.94,92.91,TRADE
NSW1,2021/08/13 23:30:00,8344.88,88.52,TRADE
NSW1,2021/08/14 00:00:00,8273.03,89.34,TRADE
NSW1,2021/08/14 00:30:00,8098.76,94.38,TRADE
NSW1,2021/08/14 01:00:00,7931.62,103.85,TRADE
NSW1,2021/08/14 01:30:00,7728.42,87.91,TRADE
NSW1,2021/08/14 02:00:00,7466.32,85.80,TRADE
NSW1,2021/08/14 02:30:00,7193.44,77.35,TRADE
NSW1,2021/08/14 03:00:00,7012.71,55.57,TRADE
NSW1,2021/08/14 03:30:00,6876.5,52.69,TRADE
NSW1,2021/08/14 04:00:00,6746.73,44.18,TRADE
NSW1,2021/08/14 04:30:00,6657.78,41.92,TRADE
NSW1,2021/08/14 05:00:00,6651.03,43.92,TRADE
NSW1,2021/08/14 05:30:00,6773.65,51.30,TRADE
NSW1,2021/08/14 06:00:00,6947.16,59.15,TRADE
NSW1,2021/08/14 06:30:00,7310.88,66.80,TRADE
NSW1,2021/08/14 07:00:00,7597.88,71.11,TRADE
NSW1,2021/08/14 07:30:00,7814.24,71,TRADE
NSW1,2021/08/14 08:00:00,7924.31,66.57,TRADE
NSW1,2021/08/14 08:30:00,7896.8,49.66,TRADE
NSW1,2021/08/14 09:00:00,7665.45,49.21,TRADE
NSW1,2021/08/14 09:30:00,7435.51,38.38,TRADE
NSW1,2021/08/14 10:00:00,7023.38,37.69,TRADE
NSW1,2021/08/14 10:30:00,6722.29,11.64,TRADE
NSW1,2021/08/14 11:00:00,6400.28,-3.32,TRADE
NSW1,2021/08/14 11:30:00,6070.73,-1.27,TRADE
NSW1,2021/08/14 12:00:00,5933.71,-16.08,TRADE
NSW1,2021/08/14 12:30:00,5855.35,-3.06,TRADE
NSW1,2021/08/14 13:00:00,5757.86,-2.62,TRADE
NSW1,2021/08/14 13:30:00,5796.76,-2.20,TRADE
NSW1,2021/08/14 14:00:00,5785.71,5.36,TRADE
NSW1,2021/08/14 14:30:00,5932.01,7.06,TRADE
NSW1,2021/08/14 15:00:00,6077.31,5.49,TRADE
NSW1,2021/08/14 15:30:00,6395.5,27.74,TRADE
NSW1,2021/08/14 16:00:00,6767.97,32.26,TRADE
NSW1,2021/08/14 16:30:00,7260.3,86.68,TRADE
NSW1,2021/08/14 17:00:00,7805.15,90.03,TRADE
NSW1,2021/08/14 17:30:00,8342.28,169.56,TRADE
NSW1,2021/08/14 18:00:00,9072.12,258.67,TRADE
NSW1,2021/08/14 18:30:00,9467.54,153.79,TRADE
NSW1,2021/08/14 19:00:00,9484.44,78.96,TRADE
NSW1,2021/08/14 19:30:00,9313.92,65.82,TRADE
NSW1,2021/08/14 20:00:00,9084.78,66.92,TRADE
NSW1,2021/08/14 20:30:00,8907.05,68.78,TRADE
NSW1,2021/08/14 21:00:00,8743.17,71.77,TRADE
NSW1,2021/08/14 21:30:00,8611.2,59.70,TRADE
NSW1,2021/08/14 22:00:00,8398.85,50.84,TRADE
NSW1,2021/08/14 22:30:00,8315.57,66.85,TRADE
NSW1,2021/08/14 23:00:00,8143.39,55.64,TRADE
NSW1,2021/08/14 23:30:00,7941.22,52.25,TRADE
NSW1,2021/08/15 00:00:00,7791.59,48.69,TRADE
NSW1,2021/08/15 00:30:00,7585.93,52.45,TRADE
NSW1,2021/08/15 01:00:00,7412.02,53.87,TRADE
NSW1,2021/08/15 01:30:00,7203.11,49.37,TRADE
NSW1,2021/08/15 02:00:00,6949.08,44.71,TRADE
NSW1,2021/08/15 02:30:00,6731.31,43.59,TRADE
NSW1,2021/08/15 03:00:00,6540.76,43.42,TRADE
NSW1,2021/08/15 03:30:00,6407.9,43.59,TRADE
NSW1,2021/08/15 04:00:00,6331.13,43.59,TRADE
NSW1,2021/08/15 04:30:00,6316.69,39.99,TRADE
NSW1,2021/08/15 05:00:00,6318.51,36.43,TRADE
NSW1,2021/08/15 05:30:00,6383.01,37.19,TRADE
NSW1,2021/08/15 06:00:00,6511.63,35.37,TRADE
NSW1,2021/08/15 06:30:00,6746.14,36.87,TRADE
NSW1,2021/08/15 07:00:00,6969.29,36,TRADE
NSW1,2021/08/15 07:30:00,7147.71,35.60,TRADE
NSW1,2021/08/15 08:00:00,7244.1,36.80,TRADE
NSW1,2021/08/15 08:30:00,7153.92,34.77,TRADE
NSW1,2021/08/15 09:00:00,6982.76,35.46,TRADE
NSW1,2021/08/15 09:30:00,6773.19,28.51,TRADE
NSW1,2021/08/15 10:00:00,6459.44,11.63,TRADE
NSW1,2021/08/15 10:30:00,6180.6,-22.69,TRADE
NSW1,2021/08/15 11:00:00,5927.85,-24.31,TRADE
NSW1,2021/08/15 11:30:00,5732.79,-26.05,TRADE
NSW1,2021/08/15 12:00:00,5585.41,-60.44,TRADE
NSW1,2021/08/15 12:30:00,5488.03,-67.74,TRADE
NSW1,2021/08/15 13:00:00,5465.03,-92.69,TRADE
NSW1,2021/08/15 13:30:00,5473.7,-83.47,TRADE
NSW1,2021/08/15 14:00:00,5563.19,-50.17,TRADE
NSW1,2021/08/15 14:30:00,5711.32,-56.28,TRADE
NSW1,2021/08/15 15:00:00,5965.3,-19.79,TRADE
NSW1,2021/08/15 15:30:00,6246.77,6.60,TRADE
NSW1,2021/08/15 16:00:00,6573.36,25.81,TRADE
NSW1,2021/08/15 16:30:00,7091.67,22.69,TRADE
NSW1,2021/08/15 17:00:00,7639.96,48.49,TRADE
NSW1,2021/08/15 17:30:00,8232.65,40.02,TRADE
NSW1,2021/08/15 18:00:00,9001.76,74.74,TRADE
NSW1,2021/08/15 18:30:00,9431.17,72.40,TRADE
NSW1,2021/08/15 19:00:00,9405.45,62.22,TRADE
NSW1,2021/08/15 19:30:00,9147.21,51.29,TRADE
NSW1,2021/08/15 20:00:00,8905.32,45.94,TRADE
NSW1,2021/08/15 20:30:00,8716.29,47.06,TRADE
NSW1,2021/08/15 21:00:00,8505.5,42.23,TRADE
NSW1,2021/08/15 21:30:00,8306.38,40.51,TRADE
NSW1,2021/08/15 22:00:00,8070.29,38.51,TRADE
NSW1,2021/08/15 22:30:00,7951.34,41.52,TRADE
NSW1,2021/08/15 23:00:00,7751.15,38.43,TRADE
NSW1,2021/08/15 23:30:00,7591.49,36.23,TRADE
NSW1,2021/08/16 00:00:00,7452.87,37.47,TRADE
NSW1,2021/08/16 00:30:00,7272.65,39.27,TRADE
NSW1,2021/08/16 01:00:00,7134.75,36.51,TRADE
NSW1,2021/08/16 01:30:00,6971.11,39.05,TRADE
NSW1,2021/08/16 02:00:00,6848.51,36,TRADE
NSW1,2021/08/16 02:30:00,6609.58,35.01,TRADE
NSW1,2021/08/16 03:00:00,6438.72,35.39,TRADE
NSW1,2021/08/16 03:30:00,6347.74,36.65,TRADE
NSW1,2021/08/16 04:00:00,6295.11,35.78,TRADE
NSW1,2021/08/16 04:30:00,6376.97,40.23,TRADE
NSW1,2021/08/16 05:00:00,6464.09,41.87,TRADE
NSW1,2021/08/16 05:30:00,6774.73,41.07,TRADE
NSW1,2021/08/16 06:00:00,7075.81,17.30,TRADE
NSW1,2021/08/16 06:30:00,7713.16,85.08,TRADE
NSW1,2021/08/16 07:00:00,8203.69,72.52,TRADE
NSW1,2021/08/16 07:30:00,8470.85,76.45,TRADE
NSW1,2021/08/16 08:00:00,8612.21,66.96,TRADE
NSW1,2021/08/16 08:30:00,8524.67,54.96,TRADE
NSW1,2021/08/16 09:00:00,8195.23,61.39,TRADE
NSW1,2021/08/16 09:30:00,7793.77,43.15,TRADE
NSW1,2021/08/16 10:00:00,7354.92,15.34,TRADE
NSW1,2021/08/16 10:30:00,7051.07,25.19,TRADE
NSW1,2021/08/16 11:00:00,6834.41,21.05,TRADE
NSW1,2021/08/16 11:30:00,6549.3,-5.79,TRADE
NSW1,2021/08/16 12:00:00,6384.66,-2.78,TRADE
NSW1,2021/08/16 12:30:00,6301.35,-3.57,TRADE
NSW1,2021/08/16 13:00:00,6293.66,11.39,TRADE
NSW1,2021/08/16 13:30:00,6320.17,34.17,TRADE
NSW1,2021/08/16 14:00:00,6303.93,-17.99,TRADE
NSW1,2021/08/16 14:30:00,6405.35,-19.79,TRADE
NSW1,2021/08/16 15:00:00,6594.09,25.80,TRADE
NSW1,2021/08/16 15:30:00,6841.45,40.95,TRADE
NSW1,2021/08/16 16:00:00,7164.1,27.78,TRADE
NSW1,2021/08/16 16:30:00,7609.6,15.20,TRADE
NSW1,2021/08/16 17:00:00,8150.61,38.81,TRADE
NSW1,2021/08/16 17:30:00,8750.14,71.19,TRADE
NSW1,2021/08/16 18:00:00,9576.38,113.66,TRADE
NSW1,2021/08/16 18:30:00,9899.69,93.25,TRADE
NSW1,2021/08/16 19:00:00,9817.08,89.66,TRADE
NSW1,2021/08/16 19:30:00,9539,94.49,TRADE
NSW1,2021/08/16 20:00:00,9345.91,87.93,TRADE
NSW1,2021/08/16 20:30:00,9138.71,77.22,TRADE
NSW1,2021/08/16 21:00:00,8979.29,84.46,TRADE
NSW1,2021/08/16 21:30:00,8727.8,68.88,TRADE
NSW1,2021/08/16 22:00:00,8522.69,55.41,TRADE
NSW1,2021/08/16 22:30:00,8381.71,55.89,TRADE
NSW1,2021/08/16 23:00:00,8196.64,44.70,TRADE
NSW1,2021/08/16 23:30:00,8055.61,55.52,TRADE
NSW1,2021/08/17 00:00:00,7940.61,50.57,TRADE
NSW1,2021/08/17 00:30:00,7820.19,51.97,TRADE
NSW1,2021/08/17 01:00:00,7718.82,48.31,TRADE
NSW1,2021/08/17 01:30:00,7556.6,41.83,TRADE
NSW1,2021/08/17 02:00:00,7386.37,39.98,TRADE
NSW1,2021/08/17 02:30:00,7106.69,40.77,TRADE
NSW1,2021/08/17 03:00:00,6860.97,36.43,TRADE
NSW1,2021/08/17 03:30:00,6724.45,31.71,TRADE
NSW1,2021/08/17 04:00:00,6643.33,33.77,TRADE
NSW1,2021/08/17 04:30:00,6634.55,36.83,TRADE
NSW1,2021/08/17 05:00:00,6762.67,43.44,TRADE
NSW1,2021/08/17 05:30:00,7025.37,43.47,TRADE
NSW1,2021/08/17 06:00:00,7359.45,39.86,TRADE
NSW1,2021/08/17 06:30:00,7972.1,69.65,TRADE
NSW1,2021/08/17 07:00:00,8403.97,78.30,TRADE
NSW1,2021/08/17 07:30:00,8678.05,101.88,TRADE
NSW1,2021/08/17 08:00:00,8657.74,99.06,TRADE
NSW1,2021/08/17 08:30:00,8546.08,65.19,TRADE
NSW1,2021/08/17 09:00:00,8259.93,69.39,TRADE
NSW1,2021/08/17 09:30:00,7791.61,48.74,TRADE
NSW1,2021/08/17 10:00:00,7088.35,-6.22,TRADE
NSW1,2021/08/17 10:30:00,7067.76,48.25,TRADE
NSW1,2021/08/17 11:00:00,6801.97,35.59,TRADE
NSW1,2021/08/17 11:30:00,6578.39,37.40,TRADE
NSW1,2021/08/17 12:00:00,6398.09,38.11,TRADE
NSW1,2021/08/17 12:30:00,6367.55,39.17,TRADE
NSW1,2021/08/17 13:00:00,6353.97,38.05,TRADE
NSW1,2021/08/17 13:30:00,6340.66,37.76,TRADE
NSW1,2021/08/17 14:00:00,6372.76,37.76,TRADE
NSW1,2021/08/17 14:30:00,6452.3,59.18,TRADE
NSW1,2021/08/17 15:00:00,6653.75,38.68,TRADE
NSW1,2021/08/17 15:30:00,6924.17,61.35,TRADE
NSW1,2021/08/17 16:00:00,7282.11,52.95,TRADE
NSW1,2021/08/17 16:30:00,7762.52,49.94,TRADE
NSW1,2021/08/17 17:00:00,8408.89,91.07,TRADE
NSW1,2021/08/17 17:30:00,9046.42,110.16,TRADE
NSW1,2021/08/17 18:00:00,9927.16,239.15,TRADE
NSW1,2021/08/17 18:30:00,10345.23,299.98,TRADE
NSW1,2021/08/17 19:00:00,10282.04,213.52,TRADE
NSW1,2021/08/17 19:30:00,9989.22,117.79,TRADE
NSW1,2021/08/17 20:00:00,9802.74,115.86,TRADE
NSW1,2021/08/17 20:30:00,9595.22,99.44,TRADE
NSW1,2021/08/17 21:00:00,9347.56,95.18,TRADE
NSW1,2021/08/17 21:30:00,9141.37,120.02,TRADE
NSW1,2021/08/17 22:00:00,8858.67,103.75,TRADE
NSW1,2021/08/17 22:30:00,8608.17,102.32,TRADE
NSW1,2021/08/17 23:00:00,8222.33,80.83,TRADE
NSW1,2021/08/17 23:30:00,8101.6,58.95,TRADE
NSW1,2021/08/18 00:00:00,8264.86,71.92,TRADE
NSW1,2021/08/18 00:30:00,8224.69,81.82,TRADE
NSW1,2021/08/18 01:00:00,8103.14,82.65,TRADE
NSW1,2021/08/18 01:30:00,7933.24,75.67,TRADE
NSW1,2021/08/18 02:00:00,7686.87,69.78,TRADE
NSW1,2021/08/18 02:30:00,7422.34,58.63,TRADE
NSW1,2021/08/18 03:00:00,7211.14,61.06,TRADE
NSW1,2021/08/18 03:30:00,6981.8,55.01,TRADE
NSW1,2021/08/18 04:00:00,6947.05,55.13,TRADE
NSW1,2021/08/18 04:30:00,6926.29,64.53,TRADE
NSW1,2021/08/18 05:00:00,7012.43,65.07,TRADE
NSW1,2021/08/18 05:30:00,7313.7,66.76,TRADE
NSW1,2021/08/18 06:00:00,7705.23,59.98,TRADE
NSW1,2021/08/18 06:30:00,8307.26,86.26,TRADE
NSW1,2021/08/18 07:00:00,8703.11,152.89,TRADE
NSW1,2021/08/18 07:30:00,9038.12,128.39,TRADE
NSW1,2021/08/18 08:00:00,9069.37,100.42,TRADE
NSW1,2021/08/18 08:30:00,9020.93,77.63,TRADE
NSW1,2021/08/18 09:00:00,8754.56,51.10,TRADE
NSW1,2021/08/18 09:30:00,8286.89,58.89,TRADE
NSW1,2021/08/18 10:00:00,7778.2,42.72,TRADE
NSW1,2021/08/18 10:30:00,7384.94,40.14,TRADE
NSW1,2021/08/18 11:00:00,7062.72,48.48,TRADE
NSW1,2021/08/18 11:30:00,6818.9,50.73,TRADE
NSW1,2021/08/18 12:00:00,6738.22,42.92,TRADE
NSW1,2021/08/18 12:30:00,6737.12,45.22,TRADE
NSW1,2021/08/18 13:00:00,6654.07,46.31,TRADE
NSW1,2021/08/18 13:30:00,6587.98,49.19,TRADE
NSW1,2021/08/18 14:00:00,6590.3,46.75,TRADE
NSW1,2021/08/18 14:30:00,6593.88,35.12,TRADE
NSW1,2021/08/18 15:00:00,6675.18,41.26,TRADE
NSW1,2021/08/18 15:30:00,6873.31,46.49,TRADE
NSW1,2021/08/18 16:00:00,7263.54,57,TRADE
NSW1,2021/08/18 16:30:00,7721.1,49.57,TRADE
NSW1,2021/08/18 17:00:00,8280,75.58,TRADE
NSW1,2021/08/18 17:30:00,8959.99,122.97,TRADE
NSW1,2021/08/18 18:00:00,9757.56,245.93,TRADE
NSW1,2021/08/18 18:30:00,10267.93,299.98,TRADE
NSW1,2021/08/18 19:00:00,10241.7,265.16,TRADE
NSW1,2021/08/18 19:30:00,10054.82,206.06,TRADE
NSW1,2021/08/18 20:00:00,9784.22,155.31,TRADE
NSW1,2021/08/18 20:30:00,9623.4,103.09,TRADE
NSW1,2021/08/18 21:00:00,9350.6,80.36,TRADE
NSW1,2021/08/18 21:30:00,9105.41,107.13,TRADE
NSW1,2021/08/18 22:00:00,8814.56,108.61,TRADE
NSW1,2021/08/18 22:30:00,8757.8,113.22,TRADE
NSW1,2021/08/18 23:00:00,8587.28,90.59,TRADE
NSW1,2021/08/18 23:30:00,8483.06,88.47,TRADE
NSW1,2021/08/19 00:00:00,8367.77,96.93,TRADE
NSW1,2021/08/19 00:30:00,8243.95,89.90,TRADE
NSW1,2021/08/19 01:00:00,8137.96,83.99,TRADE
NSW1,2021/08/19 01:30:00,7902.66,75.93,TRADE
NSW1,2021/08/19 02:00:00,7678.44,61.82,TRADE
NSW1,2021/08/19 02:30:00,7381.87,45.25,TRADE
NSW1,2021/08/19 03:00:00,7145.63,39.35,TRADE
NSW1,2021/08/19 03:30:00,7019.61,35.59,TRADE
NSW1,2021/08/19 04:00:00,6891.09,37.91,TRADE
NSW1,2021/08/19 04:30:00,6913.36,39.25,TRADE
NSW1,2021/08/19 05:00:00,7007.78,44.61,TRADE
NSW1,2021/08/19 05:30:00,7283.4,58.22,TRADE
NSW1,2021/08/19 06:00:00,7582.54,57.86,TRADE
NSW1,2021/08/19 06:30:00,8147.83,80.97,TRADE
NSW1,2021/08/19 07:00:00,8597.82,132.85,TRADE
NSW1,2021/08/19 07:30:00,8866.8,121.17,TRADE
NSW1,2021/08/19 08:00:00,8959.63,82.61,TRADE
NSW1,2021/08/19 08:30:00,8860.18,37.37,TRADE
NSW1,2021/08/19 09:00:00,8575.1,20.80,TRADE
NSW1,2021/08/19 09:30:00,8245.88,47.26,TRADE
NSW1,2021/08/19 10:00:00,7711.41,1.32,TRADE
NSW1,2021/08/19 10:30:00,7351.51,-18.57,TRADE
NSW1,2021/08/19 11:00:00,7027.26,-25.60,TRADE
NSW1,2021/08/19 11:30:00,6751.56,-0.54,TRADE
NSW1,2021/08/19 12:00:00,6545.16,-22.16,TRADE
NSW1,2021/08/19 12:30:00,6365.42,-0.76,TRADE
NSW1,2021/08/19 13:00:00,6272.06,38.51,TRADE
NSW1,2021/08/19 13:30:00,6329.7,43.05,TRADE
NSW1,2021/08/19 14:00:00,6402.7,50.26,TRADE
NSW1,2021/08/19 14:30:00,6601.23,40.04,TRADE
NSW1,2021/08/19 15:00:00,6769.15,33.23,TRADE
NSW1,2021/08/19 15:30:00,6973.75,43.24,TRADE
NSW1,2021/08/19 16:00:00,7330.3,63.38,TRADE
NSW1,2021/08/19 16:30:00,7745.21,53.66,TRADE
NSW1,2021/08/19 17:00:00,8282.27,69.02,TRADE
NSW1,2021/08/19 17:30:00,8844.22,94.94,TRADE
NSW1,2021/08/19 18:00:00,9590.85,114.84,TRADE
NSW1,2021/08/19 18:30:00,10024.86,104.74,TRADE
NSW1,2021/08/19 19:00:00,9965.06,95.19,TRADE
NSW1,2021/08/19 19:30:00,9706.78,85.96,TRADE
NSW1,2021/08/19 20:00:00,9491.92,80.56,TRADE
NSW1,2021/08/19 20:30:00,9263.27,75.49,TRADE
NSW1,2021/08/19 21:00:00,9083.68,110.93,TRADE
NSW1,2021/08/19 21:30:00,8846.12,109.51,TRADE
NSW1,2021/08/19 22:00:00,8537.35,65.67,TRADE
NSW1,2021/08/19 22:30:00,8504.4,109.51,TRADE
NSW1,2021/08/19 23:00:00,8268.62,77.42,TRADE
NSW1,2021/08/19 23:30:00,8188.35,66.54,TRADE
NSW1,2021/08/20 00:00:00,8109.23,71.03,TRADE
NSW1,2021/08/20 00:30:00,7992.81,112.09,TRADE
NSW1,2021/08/20 01:00:00,7853.51,91.12,TRADE
NSW1,2021/08/20 01:30:00,7687.23,103.76,TRADE
NSW1,2021/08/20 02:00:00,7505.17,117.40,TRADE
NSW1,2021/08/20 02:30:00,7176.09,95.56,TRADE
NSW1,2021/08/20 03:00:00,6979.85,62.06,TRADE
NSW1,2021/08/20 03:30:00,6826.29,53.74,TRADE
NSW1,2021/08/20 04:00:00,6737.35,54.18,TRADE
NSW1,2021/08/20 04:30:00,6776.18,65.89,TRADE
NSW1,2021/08/20 05:00:00,6834.25,66.76,TRADE
NSW1,2021/08/20 05:30:00,7101.24,61.59,TRADE
NSW1,2021/08/20 06:00:00,7414.45,58.26,TRADE
NSW1,2021/08/20 06:30:00,7945.86,65.50,TRADE
NSW1,2021/08/20 07:00:00,8294.64,74.94,TRADE
NSW1,2021/08/20 07:30:00,8504.35,63.96,TRADE
NSW1,2021/08/20 08:00:00,8455.58,33.01,TRADE
NSW1,2021/08/20 08:30:00,8327.82,31.18,TRADE
NSW1,2021/08/20 09:00:00,8001.86,28.93,TRADE
NSW1,2021/08/20 09:30:00,7537.03,30.34,TRADE
NSW1,2021/08/20 10:00:00,7158.58,36.93,TRADE
NSW1,2021/08/20 10:30:00,6871.44,24.87,TRADE
NSW1,2021/08/20 11:00:00,6577.44,9.82,TRADE
NSW1,2021/08/20 11:30:00,6270.79,8.14,TRADE
NSW1,2021/08/20 12:00:00,6060.19,-12.84,TRADE
NSW1,2021/08/20 12:30:00,6032.61,-0.20,TRADE
NSW1,2021/08/20 13:00:00,6054.95,8.73,TRADE
NSW1,2021/08/20 13:30:00,6065.87,21.56,TRADE
NSW1,2021/08/20 14:00:00,6158.33,17.64,TRADE
NSW1,2021/08/20 14:30:00,6274.06,28.57,TRADE
NSW1,2021/08/20 15:00:00,6516.89,41.46,TRADE
NSW1,2021/08/20 15:30:00,6687.47,20.89,TRADE
NSW1,2021/08/20 16:00:00,7011.23,46.69,TRADE
NSW1,2021/08/20 16:30:00,7333.93,68.61,TRADE
NSW1,2021/08/20 17:00:00,7868.08,98.08,TRADE
NSW1,2021/08/20 17:30:00,8365.04,90.09,TRADE
NSW1,2021/08/20 18:00:00,9031.11,135.99,TRADE
NSW1,2021/08/20 18:30:00,9236.07,109.28,TRADE
NSW1,2021/08/20 19:00:00,9177.52,89.40,TRADE
NSW1,2021/08/20 19:30:00,8990.85,75.74,TRADE
NSW1,2021/08/20 20:00:00,8733.28,74.73,TRADE
NSW1,2021/08/20 20:30:00,8618.41,82.57,TRADE
NSW1,2021/08/20 21:00:00,8472.37,76.91,TRADE
NSW1,2021/08/20 21:30:00,8299.48,97.53,TRADE
NSW1,2021/08/20 22:00:00,8109.97,84.39,TRADE
NSW1,2021/08/20 22:30:00,8169.72,114.49,TRADE
NSW1,2021/08/20 23:00:00,8011.58,102.38,TRADE
NSW1,2021/08/20 23:30:00,7961.88,85.67,TRADE
NSW1,2021/08/21 00:00:00,7894.8,84.70,TRADE
NSW1,2021/08/21 00:30:00,7735.35,74,TRADE
NSW1,2021/08/21 01:00:00,7590.63,69.06,TRADE
NSW1,2021/08/21 01:30:00,7422.05,72.87,TRADE
NSW1,2021/08/21 02:00:00,7145.34,48.14,TRADE
NSW1,2021/08/21 02:30:00,6870.21,34.74,TRADE
NSW1,2021/08/21 03:00:00,6608.58,31.92,TRADE
NSW1,2021/08/21 03:30:00,6399.44,20.96,TRADE
NSW1,2021/08/21 04:00:00,6223.5,13.08,TRADE
NSW1,2021/08/21 04:30:00,6159.23,17.85,TRADE
NSW1,2021/08/21 05:00:00,6150.7,27.34,TRADE
NSW1,2021/08/21 05:30:00,6243.21,33.46,TRADE
NSW1,2021/08/21 06:00:00,6382.83,35.29,TRADE
NSW1,2021/08/21 06:30:00,6619.36,48.14,TRADE
NSW1,2021/08/21 07:00:00,6798.45,54.37,TRADE
NSW1,2021/08/21 07:30:00,6961.55,50.61,TRADE
NSW1,2021/08/21 08:00:00,7157.14,36.47,TRADE
NSW1,2021/08/21 08:30:00,7291.24,35.67,TRADE
NSW1,2021/08/21 09:00:00,7364.84,50.51,TRADE
NSW1,2021/08/21 09:30:00,7300.81,52.91,TRADE
NSW1,2021/08/21 10:00:00,7121.4,33.72,TRADE
NSW1,2021/08/21 10:30:00,6988.19,-3.14,TRADE
NSW1,2021/08/21 11:00:00,6766.54,-0.19,TRADE
NSW1,2021/08/21 11:30:00,6457.79,-3.08,TRADE
NSW1,2021/08/21 12:00:00,6294.56,-19.29,TRADE
NSW1,2021/08/21 12:30:00,6027.38,-33.18,TRADE
NSW1,2021/08/21 13:00:00,5934.09,-38.01,TRADE
NSW1,2021/08/21 13:30:00,5914.39,-23.16,TRADE
NSW1,2021/08/21 14:00:00,5875.7,-16.50,TRADE
NSW1,2021/08/21 14:30:00,5866.17,8.33,TRADE
NSW1,2021/08/21 15:00:00,6003.22,9.87,TRADE
NSW1,2021/08/21 15:30:00,6196.78,18.29,TRADE
NSW1,2021/08/21 16:00:00,6526.19,35.59,TRADE
NSW1,2021/08/21 16:30:00,6917.65,58.68,TRADE
NSW1,2021/08/21 17:00:00,7377.4,101.50,TRADE
NSW1,2021/08/21 17:30:00,7822.98,95.74,TRADE
NSW1,2021/08/21 18:00:00,8431.88,111.57,TRADE
NSW1,2021/08/21 18:30:00,8786.37,113.79,TRADE
NSW1,2021/08/21 19:00:00,8808.81,116.37,TRADE
NSW1,2021/08/21 19:30:00,8604.29,79.68,TRADE
NSW1,2021/08/21 20:00:00,8378.42,78.41,TRADE
NSW1,2021/08/21 20:30:00,8249.55,87.40,TRADE
NSW1,2021/08/21 21:00:00,8169.1,100.07,TRADE
NSW1,2021/08/21 21:30:00,8030.6,115.31,TRADE
NSW1,2021/08/21 22:00:00,7922.53,119.04,TRADE
NSW1,2021/08/21 22:30:00,7818.79,97.52,TRADE
NSW1,2021/08/21 23:00:00,7720.42,88.18,TRADE
NSW1,2021/08/21 23:30:00,7590.88,78.52,TRADE
NSW1,2021/08/22 00:00:00,7483.65,75.23,TRADE
NSW1,2021/08/22 00:30:00,7339.62,62.86,TRADE
NSW1,2021/08/22 01:00:00,7171.11,48.98,TRADE
NSW1,2021/08/22 01:30:00,6996.56,44.54,TRADE
NSW1,2021/08/22 02:00:00,6782.86,43.20,TRADE
NSW1,2021/08/22 02:30:00,6513.93,42.34,TRADE
NSW1,2021/08/22 03:00:00,6334.47,49.12,TRADE
NSW1,2021/08/22 03:30:00,6200.43,44.25,TRADE
NSW1,2021/08/22 04:00:00,6141.89,43.93,TRADE
NSW1,2021/08/22 04:30:00,6130.33,42.45,TRADE
NSW1,2021/08/22 05:00:00,6155.37,43.27,TRADE
NSW1,2021/08/22 05:30:00,6227.13,49.04,TRADE
NSW1,2021/08/22 06:00:00,6363.18,55.68,TRADE
NSW1,2021/08/22 06:30:00,6568.46,51.84,TRADE
NSW1,2021/08/22 07:00:00,6707.97,44.72,TRADE
NSW1,2021/08/22 07:30:00,6704.57,34.55,TRADE
NSW1,2021/08/22 08:00:00,6746.41,5.62,TRADE
NSW1,2021/08/22 08:30:00,6495.9,-7.59,TRADE
NSW1,2021/08/22 09:00:00,6326.34,-6.16,TRADE
NSW1,2021/08/22 09:30:00,6229.17,3.39,TRADE
NSW1,2021/08/22 10:00:00,6042.68,-7.03,TRADE
NSW1,2021/08/22 10:30:00,5815.17,-33.95,TRADE
NSW1,2021/08/22 11:00:00,5575.89,-34.09,TRADE
NSW1,2021/08/22 11:30:00,5366.17,-42.61,TRADE
NSW1,2021/08/22 12:00:00,5267.25,-38.65,TRADE
NSW1,2021/08/22 12:30:00,5237.82,-31.68,TRADE
NSW1,2021/08/22 13:00:00,5243.92,-33.63,TRADE
NSW1,2021/08/22 13:30:00,5189.86,-33.62,TRADE
NSW1,2021/08/22 14:00:00,5302.96,-22.46,TRADE
NSW1,2021/08/22 14:30:00,5417.81,-25.81,TRADE
NSW1,2021/08/22 15:00:00,5663.64,1.12,TRADE
NSW1,2021/08/22 15:30:00,5956.64,41.49,TRADE
NSW1,2021/08/22 16:00:00,6457.88,38,TRADE
NSW1,2021/08/22 16:30:00,6798.4,40.97,TRADE
NSW1,2021/08/22 17:00:00,7283.22,80.64,TRADE
NSW1,2021/08/22 17:30:00,7743.46,78.87,TRADE
NSW1,2021/08/22 18:00:00,8299.55,103.93,TRADE
NSW1,2021/08/22 18:30:00,8615.57,109.51,TRADE
NSW1,2021/08/22 19:00:00,8510.45,77.40,TRADE
NSW1,2021/08/22 19:30:00,8201.12,50.76,TRADE
NSW1,2021/08/22 20:00:00,7878.19,49.30,TRADE
NSW1,2021/08/22 20:30:00,7733.28,45.07,TRADE
NSW1,2021/08/22 21:00:00,7570.78,53.18,TRADE
NSW1,2021/08/22 21:30:00,7417.16,49.23,TRADE
NSW1,2021/08/22 22:00:00,7226.7,51.82,TRADE
NSW1,2021/08/22 22:30:00,7200.87,53.51,TRADE
NSW1,2021/08/22 23:00:00,7055.52,41.57,TRADE
NSW1,2021/08/22 23:30:00,6991.09,42.45,TRADE
NSW1,2021/08/23 00:00:00,6922.71,41.90,TRADE
NSW1,2021/08/23 00:30:00,6768.51,37.89,TRADE
NSW1,2021/08/23 01:00:00,6656.98,39.74,TRADE
NSW1,2021/08/23 01:30:00,6461.18,29.56,TRADE
NSW1,2021/08/23 02:00:00,6287.53,16.35,TRADE
NSW1,2021/08/23 02:30:00,6043.72,11.03,TRADE
NSW1,2021/08/23 03:00:00,5918.81,8.92,TRADE
NSW1,2021/08/23 03:30:00,5844.77,33.30,TRADE
NSW1,2021/08/23 04:00:00,5820.27,27.68,TRADE
NSW1,2021/08/23 04:30:00,5785.01,29.26,TRADE
NSW1,2021/08/23 05:00:00,5918.72,30.46,TRADE
NSW1,2021/08/23 05:30:00,6109.26,36.32,TRADE
NSW1,2021/08/23 06:00:00,6367.55,-4.13,TRADE
NSW1,2021/08/23 06:30:00,6853.45,44.41,TRADE
NSW1,2021/08/23 07:00:00,7123.48,51.68,TRADE
NSW1,2021/08/23 07:30:00,7287.17,47.47,TRADE
NSW1,2021/08/23 08:00:00,7384.41,60.22,TRADE
NSW1,2021/08/23 08:30:00,7375.2,65.92,TRADE
NSW1,2021/08/23 09:00:00,7277.77,56.73,TRADE
NSW1,2021/08/23 09:30:00,7130.57,44.32,TRADE
NSW1,2021/08/23 10:00:00,6909.22,33.69,TRADE
NSW1,2021/08/23 10:30:00,6644.26,24.11,TRADE
NSW1,2021/08/23 11:00:00,6760.27,46.54,TRADE
NSW1,2021/08/23 11:30:00,6942.99,49.07,TRADE
NSW1,2021/08/23 12:00:00,6980.9,40.15,TRADE
NSW1,2021/08/23 12:30:00,6972.09,55.27,TRADE
NSW1,2021/08/23 13:00:00,6951.79,39.07,TRADE
NSW1,2021/08/23 13:30:00,6826.49,30.75,TRADE
NSW1,2021/08/23 14:00:00,7178.66,47.75,TRADE
NSW1,2021/08/23 14:30:00,7341,56.94,TRADE
NSW1,2021/08/23 15:00:00,7438.43,77.96,TRADE
NSW1,2021/08/23 15:30:00,7526.59,38.77,TRADE
NSW1,2021/08/23 16:00:00,7717.16,34.37,TRADE
NSW1,2021/08/23 16:30:00,7951.39,44.24,TRADE
NSW1,2021/08/23 17:00:00,8308.03,118.65,TRADE
NSW1,2021/08/23 17:30:00,8685.75,141.02,TRADE
NSW1,2021/08/23 18:00:00,9059.64,86.38,TRADE
NSW1,2021/08/23 18:30:00,9206.74,101.09,TRADE
NSW1,2021/08/23 19:00:00,9043.56,86.87,TRADE
NSW1,2021/08/23 19:30:00,8702.84,54.58,TRADE
NSW1,2021/08/23 20:00:00,8454.19,65.69,TRADE
NSW1,2021/08/23 20:30:00,8261.48,71,TRADE
NSW1,2021/08/23 21:00:00,8110.02,74,TRADE
NSW1,2021/08/23 21:30:00,7943.94,73.40,TRADE
NSW1,2021/08/23 22:00:00,7799.1,57.50,TRADE
NSW1,2021/08/23 22:30:00,7808.58,55.91,TRADE
NSW1,2021/08/23 23:00:00,7653.97,52.77,TRADE
NSW1,2021/08/23 23:30:00,7652.51,63.10,TRADE
NSW1,2021/08/24 00:00:00,7647.66,74.75,TRADE
NSW1,2021/08/24 00:30:00,7569.08,62.80,TRADE
NSW1,2021/08/24 01:00:00,7410.09,53.48,TRADE
NSW1,2021/08/24 01:30:00,7274.95,55.83,TRADE
NSW1,2021/08/24 02:00:00,7004.78,51.69,TRADE
NSW1,2021/08/24 02:30:00,6726.78,47.26,TRADE
NSW1,2021/08/24 03:00:00,6530.1,42.21,TRADE
NSW1,2021/08/24 03:30:00,6378.7,41.14,TRADE
NSW1,2021/08/24 04:00:00,6269.57,35.08,TRADE
NSW1,2021/08/24 04:30:00,6273.55,33.89,TRADE
NSW1,2021/08/24 05:00:00,6369.92,35.40,TRADE
NSW1,2021/08/24 05:30:00,6579.37,40.16,TRADE
NSW1,2021/08/24 06:00:00,6875.18,34.99,TRADE
NSW1,2021/08/24 06:30:00,7378.46,44.19,TRADE
NSW1,2021/08/24 07:00:00,7826.54,78.23,TRADE
NSW1,2021/08/24 07:30:00,8136.19,93.23,TRADE
NSW1,2021/08/24 08:00:00,8645.53,125,TRADE
NSW1,2021/08/24 08:30:00,9094.38,181.13,TRADE
NSW1,2021/08/24 09:00:00,9354.67,125,TRADE
NSW1,2021/08/24 09:30:00,9515.36,128.22,TRADE
NSW1,2021/08/24 10:00:00,9371.27,90.27,TRADE
NSW1,2021/08/24 10:30:00,9608.84,147.02,TRADE
NSW1,2021/08/24 11:00:00,9608.11,140.50,TRADE
NSW1,2021/08/24 11:30:00,9646.93,99.82,TRADE
NSW1,2021/08/24 12:00:00,9527.37,85.30,TRADE
NSW1,2021/08/24 12:30:00,9591.03,107.16,TRADE
NSW1,2021/08/24 13:00:00,9685.61,104.91,TRADE
NSW1,2021/08/24 13:30:00,9747.74,81.33,TRADE
NSW1,2021/08/24 14:00:00,9762.16,78.57,TRADE
NSW1,2021/08/24 14:30:00,9856.01,60.01,TRADE
NSW1,2021/08/24 15:00:00,10011.09,100.30,TRADE
NSW1,2021/08/24 15:30:00,10155.49,57.40,TRADE
NSW1,2021/08/24 16:00:00,10411.66,80,TRADE
NSW1,2021/08/24 16:30:00,10677.45,60.45,TRADE
NSW1,2021/08/24 17:00:00,11094.15,73.90,TRADE
NSW1,2021/08/24 17:30:00,11528.89,79.26,TRADE
NSW1,2021/08/24 18:00:00,11963.72,69.65,TRADE
NSW1,2021/08/24 18:30:00,12040.28,105.26,TRADE
NSW1,2021/08/24 19:00:00,11755.02,85.43,TRADE
NSW1,2021/08/24 19:30:00,11376.69,65.92,TRADE
NSW1,2021/08/24 20:00:00,11043.35,62.89,TRADE
NSW1,2021/08/24 20:30:00,10765.26,66.57,TRADE
NSW1,2021/08/24 21:00:00,10472.5,82.23,TRADE
NSW1,2021/08/24 21:30:00,10055.95,60.54,TRADE
NSW1,2021/08/24 22:00:00,9703.97,67.45,TRADE
NSW1,2021/08/24 22:30:00,9421.58,67.66,TRADE
NSW1,2021/08/24 23:00:00,9120.02,65.74,TRADE
NSW1,2021/08/24 23:30:00,8866.85,67.41,TRADE
NSW1,2021/08/25 00:00:00,8707.42,74.12,TRADE
NSW1,2021/08/25 00:30:00,8459.24,68.72,TRADE
NSW1,2021/08/25 01:00:00,8322.06,68.67,TRADE
NSW1,2021/08/25 01:30:00,8090.63,62.85,TRADE
NSW1,2021/08/25 02:00:00,7808.76,51.94,TRADE
NSW1,2021/08/25 02:30:00,7490.36,54.22,TRADE
NSW1,2021/08/25 03:00:00,7189.83,55.12,TRADE
NSW1,2021/08/25 03:30:00,7015.3,48.68,TRADE
NSW1,2021/08/25 04:00:00,6936.03,48.65,TRADE
NSW1,2021/08/25 04:30:00,6924.34,52.37,TRADE
NSW1,2021/08/25 05:00:00,7026.07,56.59,TRADE
NSW1,2021/08/25 05:30:00,7290.7,67.97,TRADE
NSW1,2021/08/25 06:00:00,7593.78,61.50,TRADE
NSW1,2021/08/25 06:30:00,8199.69,69.34,TRADE
NSW1,2021/08/25 07:00:00,8683,86.25,TRADE
NSW1,2021/08/25 07:30:00,9028.77,81.07,TRADE
NSW1,2021/08/25 08:00:00,9348.81,74.31,TRADE
NSW1,2021/08/25 08:30:00,9503.85,90,TRADE
NSW1,2021/08/25 09:00:00,9393.69,101.19,TRADE
NSW1,2021/08/25 09:30:00,9253.52,110.80,TRADE
NSW1,2021/08/25 10:00:00,8946.25,75.22,TRADE
NSW1,2021/08/25 10:30:00,8713.91,93.40,TRADE
NSW1,2021/08/25 11:00:00,8438.18,119.15,TRADE
NSW1,2021/08/25 11:30:00,8183.67,87.86,TRADE
NSW1,2021/08/25 12:00:00,8008.79,41.46,TRADE
NSW1,2021/08/25 12:30:00,7922.59,47.35,TRADE
NSW1,2021/08/25 13:00:00,7922.48,27.40,TRADE
NSW1,2021/08/25 13:30:00,7970.47,47.38,TRADE
NSW1,2021/08/25 14:00:00,7938.02,39.73,TRADE
NSW1,2021/08/25 14:30:00,7884.49,40.26,TRADE
NSW1,2021/08/25 15:00:00,7966.33,56.97,TRADE
NSW1,2021/08/25 15:30:00,8085.4,45.42,TRADE
NSW1,2021/08/25 16:00:00,8330.27,47.73,TRADE
NSW1,2021/08/25 16:30:00,8704.25,69.90,TRADE
NSW1,2021/08/25 17:00:00,9148.7,90.56,TRADE
NSW1,2021/08/25 17:30:00,9720.1,90.13,TRADE
NSW1,2021/08/25 18:00:00,10434.96,132.60,TRADE
NSW1,2021/08/25 18:30:00,10859.1,274.31,TRADE
NSW1,2021/08/25 19:00:00,10841.33,299.98,TRADE
NSW1,2021/08/25 19:30:00,10491.13,129.86,TRADE
NSW1,2021/08/25 20:00:00,10227.63,85.13,TRADE
NSW1,2021/08/25 20:30:00,9983.66,94.86,TRADE
NSW1,2021/08/25 21:00:00,9786.79,85.82,TRADE
NSW1,2021/08/25 21:30:00,9429.73,94.04,TRADE
NSW1,2021/08/25 22:00:00,9082.46,85.83,TRADE
NSW1,2021/08/25 22:30:00,8937.66,116.33,TRADE
NSW1,2021/08/25 23:00:00,8656.67,83.98,TRADE
NSW1,2021/08/25 23:30:00,8521.39,74.69,TRADE
NSW1,2021/08/26 00:00:00,8422.96,67.34,TRADE
NSW1,2021/08/26 00:30:00,8247.01,73.95,TRADE
NSW1,2021/08/26 01:00:00,8131.48,71.34,TRADE
NSW1,2021/08/26 01:30:00,7877.8,66.68,TRADE
NSW1,2021/08/26 02:00:00,7680.78,65.87,TRADE
NSW1,2021/08/26 02:30:00,7433.56,63.83,TRADE
NSW1,2021/08/26 03:00:00,7202.54,55,TRADE
NSW1,2021/08/26 03:30:00,6958.85,55.01,TRADE
NSW1,2021/08/26 04:00:00,6884.68,54.58,TRADE
NSW1,2021/08/26 04:30:00,6885.96,61.28,TRADE
NSW1,2021/08/26 05:00:00,7000.92,73.09,TRADE
NSW1,2021/08/26 05:30:00,7232.29,85.13,TRADE
NSW1,2021/08/26 06:00:00,7612.77,67.29,TRADE
NSW1,2021/08/26 06:30:00,8201.58,102.19,TRADE
NSW1,2021/08/26 07:00:00,8613.2,155.33,TRADE
NSW1,2021/08/26 07:30:00,8775.14,136.64,TRADE
NSW1,2021/08/26 08:00:00,8817.18,75.83,TRADE
NSW1,2021/08/26 08:30:00,8685.12,67.44,TRADE
NSW1,2021/08/26 09:00:00,8414.46,66.24,TRADE
NSW1,2021/08/26 09:30:00,7993.63,66.58,TRADE
NSW1,2021/08/26 10:00:00,7352.82,55.66,TRADE
NSW1,2021/08/26 10:30:00,7195.49,22.78,TRADE
NSW1,2021/08/26 11:00:00,6888.87,44.20,TRADE
NSW1,2021/08/26 11:30:00,6688.24,17.15,TRADE
NSW1,2021/08/26 12:00:00,6588.19,40.24,TRADE
NSW1,2021/08/26 12:30:00,6650.22,43.60,TRADE
NSW1,2021/08/26 13:00:00,6745.24,53.31,TRADE
NSW1,2021/08/26 13:30:00,6792.32,54.52,TRADE
NSW1,2021/08/26 14:00:00,6830.98,63.37,TRADE
NSW1,2021/08/26 14:30:00,6901.88,55.93,TRADE
NSW1,2021/08/26 15:00:00,7102.5,54.18,TRADE
NSW1,2021/08/26 15:30:00,7405.1,48.45,TRADE
NSW1,2021/08/26 16:00:00,7693.28,43.23,TRADE
NSW1,2021/08/26 16:30:00,8074.57,60.38,TRADE
NSW1,2021/08/26 17:00:00,8630.92,99.08,TRADE
NSW1,2021/08/26 17:30:00,9194.35,183.81,TRADE
NSW1,2021/08/26 18:00:00,10006.47,299.98,TRADE
NSW1,2021/08/26 18:30:00,10482.75,299.98,TRADE
NSW1,2021/08/26 19:00:00,10468.61,297.74,TRADE
NSW1,2021/08/26 19:30:00,10199.32,254.77,TRADE
NSW1,2021/08/26 20:00:00,9986.78,129.39,TRADE
NSW1,2021/08/26 20:30:00,9740.34,147.41,TRADE
NSW1,2021/08/26 21:00:00,9530.25,122.47,TRADE
NSW1,2021/08/26 21:30:00,9262.34,111.64,TRADE
NSW1,2021/08/26 22:00:00,8975.53,125.12,TRADE
NSW1,2021/08/26 22:30:00,8821.09,126.14,TRADE
NSW1,2021/08/26 23:00:00,8577.76,108.31,TRADE
NSW1,2021/08/26 23:30:00,8422.56,91.73,TRADE
NSW1,2021/08/27 00:00:00,8331.94,95.82,TRADE
NSW1,2021/08/27 00:30:00,8125.5,88.55,TRADE
NSW1,2021/08/27 01:00:00,8024.02,83.79,TRADE
NSW1,2021/08/27 01:30:00,7805.95,92.96,TRADE
NSW1,2021/08/27 02:00:00,7632.64,95.64,TRADE
NSW1,2021/08/27 02:30:00,7316.15,89.62,TRADE
NSW1,2021/08/27 03:00:00,7094.41,85.06,TRADE
NSW1,2021/08/27 03:30:00,6930.18,81.65,TRADE
NSW1,2021/08/27 04:00:00,6831.14,83.17,TRADE
NSW1,2021/08/27 04:30:00,6879.23,97.91,TRADE
NSW1,2021/08/27 05:00:00,6948.14,94.66,TRADE
NSW1,2021/08/27 05:30:00,7196.19,98.84,TRADE
NSW1,2021/08/27 06:00:00,7508.6,104.32,TRADE
NSW1,2021/08/27 06:30:00,8013.87,109.58,TRADE
NSW1,2021/08/27 07:00:00,8375.6,175.58,TRADE
NSW1,2021/08/27 07:30:00,8589.71,114.02,TRADE
NSW1,2021/08/27 08:00:00,8782.95,87.51,TRADE
NSW1,2021/08/27 08:30:00,8776.9,73.86,TRADE
NSW1,2021/08/27 09:00:00,8534.42,69.26,TRADE
NSW1,2021/08/27 09:30:00,8179.04,52.65,TRADE
NSW1,2021/08/27 10:00:00,7733.03,46.27,TRADE
NSW1,2021/08/27 10:30:00,7355.39,26.82,TRADE
NSW1,2021/08/27 11:00:00,7052.54,24.25,TRADE
NSW1,2021/08/27 11:30:00,6914.96,17.01,TRADE
NSW1,2021/08/27 12:00:00,6881.94,52.47,TRADE
NSW1,2021/08/27 12:30:00,6998.26,57.73,TRADE
NSW1,2021/08/27 13:00:00,7028.49,41.85,TRADE
NSW1,2021/08/27 13:30:00,7194.79,41.94,TRADE
NSW1,2021/08/27 14:00:00,7251.43,42.34,TRADE
NSW1,2021/08/27 14:30:00,7390.12,36.44,TRADE
NSW1,2021/08/27 15:00:00,7586.1,67.22,TRADE
NSW1,2021/08/27 15:30:00,7782.99,47.13,TRADE
NSW1,2021/08/27 16:00:00,8036.26,46.02,TRADE
NSW1,2021/08/27 16:30:00,8355.71,39.73,TRADE
NSW1,2021/08/27 17:00:00,8768.07,68.81,TRADE
NSW1,2021/08/27 17:30:00,9249.67,90.72,TRADE
NSW1,2021/08/27 18:00:00,9845.25,192.63,TRADE
NSW1,2021/08/27 18:30:00,10229.72,271.29,TRADE
NSW1,2021/08/27 19:00:00,10227.58,208.61,TRADE
NSW1,2021/08/27 19:30:00,10042.29,114.43,TRADE
NSW1,2021/08/27 20:00:00,9867.62,113.10,TRADE
NSW1,2021/08/27 20:30:00,9625.26,98.19,TRADE
NSW1,2021/08/27 21:00:00,9383.23,90.07,TRADE
NSW1,2021/08/27 21:30:00,9171.05,99.19,TRADE
NSW1,2021/08/27 22:00:00,8919.36,88.20,TRADE
NSW1,2021/08/27 22:30:00,8892.22,108.36,TRADE
NSW1,2021/08/27 23:00:00,8677.79,90.64,TRADE
NSW1,2021/08/27 23:30:00,8525.78,83.24,TRADE
NSW1,2021/08/28 00:00:00,8393.28,80.28,TRADE
NSW1,2021/08/28 00:30:00,8202.37,75.73,TRADE
NSW1,2021/08/28 01:00:00,8023.69,72.18,TRADE
NSW1,2021/08/28 01:30:00,7827.66,63,TRADE
NSW1,2021/08/28 02:00:00,7592.35,63.65,TRADE
NSW1,2021/08/28 02:30:00,7274.14,65.48,TRADE
NSW1,2021/08/28 03:00:00,7030.01,67.44,TRADE
NSW1,2021/08/28 03:30:00,6831.35,63.23,TRADE
NSW1,2021/08/28 04:00:00,6691.95,52.52,TRADE
NSW1,2021/08/28 04:30:00,6665.8,54.99,TRADE
NSW1,2021/08/28 05:00:00,6660.09,54.38,TRADE
NSW1,2021/08/28 05:30:00,6804.74,59.52,TRADE
NSW1,2021/08/28 06:00:00,6972.27,53.10,TRADE
NSW1,2021/08/28 06:30:00,7239.27,59.72,TRADE
NSW1,2021/08/28 07:00:00,7427.05,62.60,TRADE
NSW1,2021/08/28 07:30:00,7585.41,41.17,TRADE
NSW1,2021/08/28 08:00:00,7716.34,39.16,TRADE
NSW1,2021/08/28 08:30:00,7798.59,36.27,TRADE
NSW1,2021/08/28 09:00:00,7710.65,30.73,TRADE
NSW1,2021/08/28 09:30:00,7482.09,24.17,TRADE
NSW1,2021/08/28 10:00:00,7164.47,8.65,TRADE
NSW1,2021/08/28 10:30:00,7039.9,14.66,TRADE
NSW1,2021/08/28 11:00:00,6722,-3.57,TRADE
NSW1,2021/08/28 11:30:00,6422.53,-25.13,TRADE
NSW1,2021/08/28 12:00:00,6333.72,-17.38,TRADE
NSW1,2021/08/28 12:30:00,6391.12,-17.64,TRADE
NSW1,2021/08/28 13:00:00,6378.57,-23.72,TRADE
NSW1,2021/08/28 13:30:00,6466.49,-15.74,TRADE
NSW1,2021/08/28 14:00:00,6503.75,-16.58,TRADE
NSW1,2021/08/28 14:30:00,6613.83,-10.03,TRADE
NSW1,2021/08/28 15:00:00,6816.39,0.52,TRADE
NSW1,2021/08/28 15:30:00,7055.74,30.44,TRADE
NSW1,2021/08/28 16:00:00,7400.05,44.92,TRADE
NSW1,2021/08/28 16:30:00,7752.84,23.78,TRADE
NSW1,2021/08/28 17:00:00,8231.5,121.77,TRADE
NSW1,2021/08/28 17:30:00,8702.25,77.37,TRADE
NSW1,2021/08/28 18:00:00,9335.58,90,TRADE
NSW1,2021/08/28 18:30:00,9713.92,111.46,TRADE
NSW1,2021/08/28 19:00:00,9699.92,98.17,TRADE
NSW1,2021/08/28 19:30:00,9464.99,83.69,TRADE
NSW1,2021/08/28 20:00:00,9277.76,95.22,TRADE
NSW1,2021/08/28 20:30:00,9104.89,82.28,TRADE
NSW1,2021/08/28 21:00:00,8958.94,96.48,TRADE
NSW1,2021/08/28 21:30:00,8769.21,84.87,TRADE
NSW1,2021/08/28 22:00:00,8531.21,64.05,TRADE
NSW1,2021/08/28 22:30:00,8454.29,79.10,TRADE
NSW1,2021/08/28 23:00:00,8248.7,65.92,TRADE
NSW1,2021/08/28 23:30:00,8064.93,63.91,TRADE
NSW1,2021/08/29 00:00:00,7864.2,68.64,TRADE
NSW1,2021/08/29 00:30:00,7692.08,65.36,TRADE
NSW1,2021/08/29 01:00:00,7493.63,64.92,TRADE
NSW1,2021/08/29 01:30:00,7316.7,64.39,TRADE
NSW1,2021/08/29 02:00:00,7063.24,64.65,TRADE
NSW1,2021/08/29 02:30:00,6837.45,55.98,TRADE
NSW1,2021/08/29 03:00:00,6622.24,46.58,TRADE
NSW1,2021/08/29 03:30:00,6439.72,44.73,TRADE
NSW1,2021/08/29 04:00:00,6397.95,44.69,TRADE
NSW1,2021/08/29 04:30:00,6363.51,44.51,TRADE
NSW1,2021/08/29 05:00:00,6413.64,45.67,TRADE
NSW1,2021/08/29 05:30:00,6473.16,52.44,TRADE
NSW1,2021/08/29 06:00:00,6646.65,54.80,TRADE
NSW1,2021/08/29 06:30:00,6907.29,64.31,TRADE
NSW1,2021/08/29 07:00:00,7057.98,70.68,TRADE
NSW1,2021/08/29 07:30:00,7108.88,59.26,TRADE
NSW1,2021/08/29 08:00:00,7181.31,47.37,TRADE
NSW1,2021/08/29 08:30:00,7318.16,46.50,TRADE
NSW1,2021/08/29 09:00:00,7204.47,56.64,TRADE
NSW1,2021/08/29 09:30:00,7411.83,72.44,TRADE
NSW1,2021/08/29 10:00:00,7618.64,74.44,TRADE
NSW1,2021/08/29 10:30:00,7611.16,65.43,TRADE
NSW1,2021/08/29 11:00:00,7494.32,57.61,TRADE
NSW1,2021/08/29 11:30:00,7108.51,45.49,TRADE
NSW1,2021/08/29 12:00:00,7095.95,48.85,TRADE
NSW1,2021/08/29 12:30:00,7190.87,48.40,TRADE
NSW1,2021/08/29 13:00:00,7064.92,35.49,TRADE
NSW1,2021/08/29 13:30:00,6989.43,43.32,TRADE
NSW1,2021/08/29 14:00:00,7051.22,33.68,TRADE
NSW1,2021/08/29 14:30:00,7073.4,41.17,TRADE
NSW1,2021/08/29 15:00:00,7295.84,45.14,TRADE
NSW1,2021/08/29 15:30:00,7655.81,63.51,TRADE
NSW1,2021/08/29 16:00:00,8006.79,53.73,TRADE
NSW1,2021/08/29 16:30:00,8519.42,47.96,TRADE
NSW1,2021/08/29 17:00:00,8838.92,56,TRADE
NSW1,2021/08/29 17:30:00,9119.26,97.29,TRADE
NSW1,2021/08/29 18:00:00,9685.74,159.98,TRADE
NSW1,2021/08/29 18:30:00,10113.56,277.07,TRADE
NSW1,2021/08/29 19:00:00,10151.67,247.30,TRADE
NSW1,2021/08/29 19:30:00,9906.45,90.17,TRADE
NSW1,2021/08/29 20:00:00,9652.62,81.49,TRADE
NSW1,2021/08/29 20:30:00,9419.66,64.82,TRADE
NSW1,2021/08/29 21:00:00,9180.68,66.93,TRADE
NSW1,2021/08/29 21:30:00,8980.48,76.96,TRADE
NSW1,2021/08/29 22:00:00,8659.55,68.55,TRADE
NSW1,2021/08/29 22:30:00,8472.24,69.99,TRADE
NSW1,2021/08/29 23:00:00,8227.69,62.02,TRADE
NSW1,2021/08/29 23:30:00,8010.22,53.14,TRADE
NSW1,2021/08/30 00:00:00,7815.46,57.79,TRADE
NSW1,2021/08/30 00:30:00,7602.42,55.18,TRADE
NSW1,2021/08/30 01:00:00,7477.39,51.46,TRADE
NSW1,2021/08/30 01:30:00,7292.35,53.54,TRADE
NSW1,2021/08/30 02:00:00,7147.41,53.64,TRADE
NSW1,2021/08/30 02:30:00,6881.1,48.92,TRADE
NSW1,2021/08/30 03:00:00,6703.04,42.54,TRADE
NSW1,2021/08/30 03:30:00,6626.52,42.58,TRADE
NSW1,2021/08/30 04:00:00,6559.49,41.49,TRADE
NSW1,2021/08/30 04:30:00,6619.98,43.03,TRADE
NSW1,2021/08/30 05:00:00,6758.73,43.78,TRADE
NSW1,2021/08/30 05:30:00,7008.33,42.25,TRADE
NSW1,2021/08/30 06:00:00,7377.01,43.22,TRADE
NSW1,2021/08/30 06:30:00,7944.87,70.15,TRADE
NSW1,2021/08/30 07:00:00,8369.81,98.99,TRADE
NSW1,2021/08/30 07:30:00,8555.47,66.54,TRADE
NSW1,2021/08/30 08:00:00,8735.16,84.57,TRADE
NSW1,2021/08/30 08:30:00,8663.63,78.47,TRADE
NSW1,2021/08/30 09:00:00,8369.29,71.57,TRADE
NSW1,2021/08/30 09:30:00,8102.66,71.11,TRADE
NSW1,2021/08/30 10:00:00,7768.99,40.28,TRADE
NSW1,2021/08/30 10:30:00,7421.91,16.41,TRADE
NSW1,2021/08/30 11:00:00,7147.89,25.50,TRADE
NSW1,2021/08/30 11:30:00,6855.8,1.91,TRADE
NSW1,2021/08/30 12:00:00,6593.19,-15.61,TRADE
NSW1,2021/08/30 12:30:00,6504.23,-2.84,TRADE
NSW1,2021/08/30 13:00:00,6458.6,0.37,TRADE
NSW1,2021/08/30 13:30:00,6513.9,13.77,TRADE
NSW1,2021/08/30 14:00:00,6613.99,48.26,TRADE
NSW1,2021/08/30 14:30:00,6725.07,40.98,TRADE
NSW1,2021/08/30 15:00:00,6851.41,48.12,TRADE
NSW1,2021/08/30 15:30:00,7215.37,42.79,TRADE
NSW1,2021/08/30 16:00:00,7546.87,45.60,TRADE
NSW1,2021/08/30 16:30:00,7901.07,58.85,TRADE
NSW1,2021/08/30 17:00:00,8383.43,46.66,TRADE
NSW1,2021/08/30 17:30:00,9042.52,65.68,TRADE
NSW1,2021/08/30 18:00:00,9807.73,144.84,TRADE
NSW1,2021/08/30 18:30:00,10267.55,109.51,TRADE
NSW1,2021/08/30 19:00:00,10262.68,91.12,TRADE
NSW1,2021/08/30 19:30:00,9957.43,78.18,TRADE
NSW1,2021/08/30 20:00:00,9743.29,93.80,TRADE
NSW1,2021/08/30 20:30:00,9513.33,71.32,TRADE
NSW1,2021/08/30 21:00:00,9259.36,72.62,TRADE
NSW1,2021/08/30 21:30:00,9035.8,76.92,TRADE
NSW1,2021/08/30 22:00:00,8738.19,59.45,TRADE
NSW1,2021/08/30 22:30:00,8649.5,73.24,TRADE
NSW1,2021/08/30 23:00:00,8326.65,70.44,TRADE
NSW1,2021/08/30 23:30:00,8230.5,67.15,TRADE
NSW1,2021/08/31 00:00:00,8120.74,56.71,TRADE
NSW1,2021/08/31 00:30:00,8011.08,52.25,TRADE
NSW1,2021/08/31 01:00:00,7867.62,53.08,TRADE
NSW1,2021/08/31 01:30:00,7651.67,50.31,TRADE
NSW1,2021/08/31 02:00:00,7445.88,55,TRADE
NSW1,2021/08/31 02:30:00,7127.17,47.31,TRADE
NSW1,2021/08/31 03:00:00,6934.06,43.38,TRADE
NSW1,2021/08/31 03:30:00,6774.84,41.43,TRADE
NSW1,2021/08/31 04:00:00,6658.53,41.28,TRADE
NSW1,2021/08/31 04:30:00,6678.2,43.25,TRADE
NSW1,2021/08/31 05:00:00,6810.67,43.55,TRADE
NSW1,2021/08/31 05:30:00,7059.64,47.51,TRADE
NSW1,2021/08/31 06:00:00,7416.04,54.53,TRADE
NSW1,2021/08/31 06:30:00,7976.03,69.81,TRADE
NSW1,2021/08/31 07:00:00,8369.68,78.35,TRADE
NSW1,2021/08/31 07:30:00,8525.93,60.62,TRADE
NSW1,2021/08/31 08:00:00,8537.1,55.20,TRADE
NSW1,2021/08/31 08:30:00,8316.9,55.41,TRADE
NSW1,2021/08/31 09:00:00,8052.54,52.31,TRADE
NSW1,2021/08/31 09:30:00,7622.17,80.26,TRADE
NSW1,2021/08/31 10:00:00,6925.97,14,TRADE
NSW1,2021/08/31 10:30:00,6805.51,37.18,TRADE
NSW1,2021/08/31 11:00:00,6517.33,35.51,TRADE
NSW1,2021/08/31 11:30:00,6247.95,38.14,TRADE
NSW1,2021/08/31 12:00:00,6116.29,18.71,TRADE
NSW1,2021/08/31 12:30:00,6038.26,6.15,TRADE
NSW1,2021/08/31 13:00:00,5971.97,-9.59,TRADE
NSW1,2021/08/31 13:30:00,5980.12,-5.94,TRADE
NSW1,2021/08/31 14:00:00,6148.22,19.57,TRADE
NSW1,2021/08/31 14:30:00,6230.68,10.50,TRADE
NSW1,2021/08/31 15:00:00,6413.43,18.94,TRADE
NSW1,2021/08/31 15:30:00,6635.04,29.28,TRADE
NSW1,2021/08/31 16:00:00,6971.05,39.38,TRADE
NSW1,2021/08/31 16:30:00,7335.12,36.62,TRADE
NSW1,2021/08/31 17:00:00,7793.32,62.50,TRADE
NSW1,2021/08/31 17:30:00,8318.36,59.35,TRADE
NSW1,2021/08/31 18:00:00,9000.7,67.41,TRADE
NSW1,2021/08/31 18:30:00,9519.32,71.74,TRADE
NSW1,2021/08/31 19:00:00,9541.34,68.18,TRADE
NSW1,2021/08/31 19:30:00,9261.61,62.47,TRADE
NSW1,2021/08/31 20:00:00,9025.34,60.33,TRADE
NSW1,2021/08/31 20:30:00,8815.17,63.71,TRADE
NSW1,2021/08/31 21:00:00,8639.55,62.19,TRADE
NSW1,2021/08/31 21:30:00,8434.69,66.58,TRADE
NSW1,2021/08/31 22:00:00,8245.06,62.38,TRADE
NSW1,2021/08/31 22:30:00,8241.5,65.13,TRADE
NSW1,2021/08/31 23:00:00,8024.56,59.10,TRADE
NSW1,2021/08/31 23:30:00,7919.5,66.43,TRADE
NSW1,2021/09/01 00:00:00,7816.36,71.68,TRADE
